"State","District","Year","Arecanut - Area (Hectare)","Arecanut - Production (Tonnes)","Arecanut - Yield (Tonne/Hectare)","Coconut - Area (Hectare)","Coconut - Production (Nuts)","Coconut - Yield (Nuts/Hectare)","Coriander - Area (Hectare)","Coriander - Production (Tonnes)","Coriander - Yield (Tonne/Hectare)","Dry chillies - Area (Hectare)","Dry chillies - Production (Tonnes)","Dry chillies - Yield (Tonne/Hectare)","Garlic - Area (Hectare)","Garlic - Production (Tonnes)","Garlic - Yield (Tonne/Hectare)","Turmeric - Area (Hectare)","Turmeric - Production (Tonnes)","Turmeric - Yield (Tonne/Hectare)","Banana - Area (Hectare)","Banana - Production (Tonnes)","Banana - Yield (Tonne/Hectare)","Onion - Area (Hectare)","Onion - Production (Tonnes)","Onion - Yield (Tonne/Hectare)","Sugarcane - Area (Hectare)","Sugarcane - Production (Tonnes)","Sugarcane - Yield (Tonne/Hectare)","Sweet potato - Area (Hectare)","Sweet potato - Production (Tonnes)","Sweet potato - Yield (Tonne/Hectare)","Sannhamp - Area (Hectare)","Sannhamp - Production (Tonnes)","Sannhamp - Yield (Tonne/Hectare)","Arcanut (Processed) - Area (Hectare)","Arcanut (Processed) - Production (Tonnes)","Arcanut (Processed) - Yield (Tonne/Hectare)","Atcanut (Raw) - Area (Hectare)","Atcanut (Raw) - Production (Tonnes)","Atcanut (Raw) - Yield (Tonne/Hectare)","Brinjal - Area (Hectare)","Brinjal - Production (Tonnes)","Brinjal - Yield (Tonne/Hectare)","Citrus Fruit - Area (Hectare)","Citrus Fruit - Production (Tonnes)","Citrus Fruit - Yield (Tonne/Hectare)","Grapes - Area (Hectare)","Grapes - Production (Tonnes)","Grapes - Yield (Tonne/Hectare)","Mango - Area (Hectare)","Mango - Production (Tonnes)","Mango - Yield (Tonne/Hectare)","Other Fresh Fruits - Area (Hectare)","Other Fresh Fruits - Production (Tonnes)","Other Fresh Fruits - Yield (Tonne/Hectare)","Papaya - Area (Hectare)","Papaya - Production (Tonnes)","Papaya - Yield (Tonne/Hectare)","Pome Fruit - Area (Hectare)","Pome Fruit - Production (Tonnes)","Pome Fruit - Yield (Tonne/Hectare)","Tomato - Area (Hectare)","Tomato - Production (Tonnes)","Tomato - Yield (Tonne/Hectare)","Cotton(lint) - Area (Hectare)","Cotton(lint) - Production (Bales)","Cotton(lint) - Yield (Bales/Hectare)","Mesta - Area (Hectare)","Mesta - Production (Bales)","Mesta - Yield (Bales/Hectare)","Cashewnut - Area (Hectare)","Cashewnut - Production (Tonnes)","Cashewnut - Yield (Tonne/Hectare)","Tobacco - Area (Hectare)","Tobacco - Production (Tonnes)","Tobacco - Yield (Tonne/Hectare)","Black pepper - Area (Hectare)","Black pepper - Production (Tonnes)","Black pepper - Yield (Tonne/Hectare)","Ginger - Area (Hectare)","Ginger - Production (Tonnes)","Ginger - Yield (Tonne/Hectare)","Tapioca - Area (Hectare)","Tapioca - Production (Tonnes)","Tapioca - Yield (Tonne/Hectare)","Cardamom - Area (Hectare)","Cardamom - Production (Tonnes)","Cardamom - Yield (Tonne/Hectare)","Dry Ginger - Area (Hectare)","Dry Ginger - Production (Tonnes)","Dry Ginger - Yield (Tonne/Hectare)","Potato - Area (Hectare)","Potato - Production (Tonnes)","Potato - Yield (Tonne/Hectare)","Peas & beans (Pulses) - Area (Hectare)","Peas & beans (Pulses) - Production (Tonnes)","Peas & beans (Pulses) - Yield (Tonne/Hectare)","Cashewnut Processed - Area (Hectare)","Cashewnut Processed - Production (Tonnes)","Cashewnut Processed - Yield (Tonne/Hectare)","Cashewnut Raw - Area (Hectare)","Cashewnut Raw - Production (Tonnes)","Cashewnut Raw - Yield (Tonne/Hectare)"
"Karnataka","Bagalkot","2015 - 2016","","","","745","6230000","8362.42","150","64","0.43","","","","7","9","1.29","2611","16089","6.16","","","","","","","94085","9027456","95.95","","","","","","","","","","","","","","","","","","","","","","","","","","","","","","","","","","","","","","","","","","","","","","","54","2016","37.33","","","","","","","","","","","","","","",""
"Karnataka","Bagalkot","2016 - 2017","","","","777","6075000","7818.53","10","4","0.4","","","","40","33","0.83","3333","27551","8.27","","","","","","","88266","6372805","72.2","","","","","","","","","","","","","","","","","","","","","","","","","","","","","","","","","","","","","","","","","","","","","","22","556","25.27","","","","","","","","","","","","","","",""
"Karnataka","Bagalkot","2017 - 2018","","","","585","4626000","7907.69","","","","","","","15","13","0.87","4059","20875","5.14","","","","","","","83339","6729624","80.75","1","13","13","","","","","","","","","","","","","","","","","","","","","","","","","","","","","","","","","","","","","","","8","207","25.88","","","","","","","","","","","","","","",""
"Karnataka","Bagalkot","2018 - 2019","","","","361","2557000","7083.1","203","181","0.89","","","","7","46","6.57","4549","26816","5.89","","","","","","","101924","7843052","76.95","8","116","14.5","12","3","0.25","","","","","","","","","","","","","","","","","","","","","","","","","","","","","","","16","19","1.19","2","2","1","","","","6","92.3","15.38","1","13","13","","","","","","","","",""
"Karnataka","Bagalkot","2019 - 2020","4","43","10.75","366","3017000","8243.17","","","","","","","5","26","5.2","3580","25150","7.03","","","","","","","82455","5788027","70.2","10","193","19.3","122","72","0.59","","","","","","","","","","","","","","","","","","","","","","","","","","","","","15","21","1.4","7","6","0.86","","","","4","41.8","10.45","23","292","12.7","3","","0","","","","","",""
"Karnataka","Bagalkot","2020 - 2021","5","56","11.2","351","2795","7.96","","","","","","","64","338","5.28","3675","27779","7.56","","","","","","","82529","7592668","92","1","20","20","","","","5","11","2.2","","","","","","","","","","","","","","","","","","","","","","","","","27","34","1.26","2","2","1","","","","82","958.8","11.69","6","77","12.83","","","","82","206.2","2.51","","",""
"Karnataka","Bagalkot","2021 - 2022","2","22","11","397","3432000","8644.84","114","62","0.54","","","","18","93","5.17","3010","20272","6.73","","","","","","","107170","9216637","86","6","106","17.67","","","","2","4","2","","","","","","","","","","","","","","","","","","","","","37","53","1.43","4","3","0.75","","","","62","33.8","0.55","18","221.5","12.31","","","","","","","18","47.6","2.64","","",""
"Karnataka","Bagalkot","2022 - 2023","1","7","7","243","2014238","8289.05","62","44","0.71","","","","2","16","8","2407","15981","6.64","","","","","","","122259","9047160","74","","","","","","","1","1","1","","","","","","","","","","","","","","","","","","","","","10","54","5.4","2","1","0.5","","","","7","2.67","0.38","18","144.1","8.01","14","160","11.43","","","","18","31","1.72","","",""
"Karnataka","Bangalore rural","2015 - 2016","1569","15379","9.8","2827","23641000","8362.58","93","40","0.43","","","","4","5","1.25","5","26","5.2","","","","","","","6","484","80.67","16","254","15.88","","","","","","","","","","","","","","","","","","","","","","","","","","","","","","","30","19","0.63","","","","2","1.5","0.75","42","1568","37.33","10","75","7.5","","","","","","","","",""
"Karnataka","Bangalore rural","2016 - 2017","2322","23588","10.16","2904","22704000","7818.18","41","18","0.44","","","","","","","","","","","","","","","","7","84","12","","","","","","","","","","","","","","","","","","","","","","","","","","","","","15","8","0.53","","","","","","","41","1037","25.29","19","115","6.05","","","","","","","","",""
"Karnataka","Bangalore rural","2017 - 2018","1911","20726","10.85","2719","21499000","7906.95","1","","0","","","","1","1","1","","","","","","","","","","3","39","13","","","","","","","","","","","","","","","","","","","","","","","","","","","","20","15","0.75","","","","","","","41","1059","25.83","29","243","8.38","","","","","","","","",""
"Karnataka","Bangalore rural","2018 - 2019","2924","26108","8.93","3116","22069000","7082.48","145","130","0.9","","","","4","27","6.75","5","29","5.8","","","","","","","59","5044","85.49","23","334","14.52","","","","","","","","","","","","","","","","","","","","","","","","","","1","1","1","49","59","1.2","3","2","0.67","","","","111","1708.3","15.39","4","53","13.25","2","0.2","0.1","","","","","",""
"Karnataka","Bangalore rural","2019 - 2020","2780","30046","10.81","3141","25890000","8242.6","","","","","","","","","","3","19","6.33","","","","","","","109","9152","83.96","35","675","19.29","2","1","0.5","","","","","","","","","","","","","","","","","","","","","","","1","","0","111","157","1.41","2","2","1","","","","179","1872.2","10.46","11","140","12.73","2","","0","","","","","",""
"Karnataka","Bangalore rural","2020 - 2021","3014","33944","11.26","2989","23801","7.96","8","4","0.5","","","","1","5","5","6","38","6.33","","","","","","","79","7584","96","11","219","19.91","","","","3014","6788","2.25","","","","","","","","","","","","","","","","","","","","","112","142","1.27","3","2","0.67","","","","12","5.7","0.48","535","6255.8","11.69","20","257","12.85","1","0.17","0.17","535","1345.5","2.51","","",""
"Karnataka","Bangalore rural","2021 - 2022","3451","38588","11.18","2720","23518000","8646.32","","","","","","","4","22","5.5","2","11","5.5","","","","","","","117","11196","95.69","1","18","18","","","","3451","7719","2.24","","","","","","","","","","","","","","","","","","","","","117","165","1.41","","","","","","","11","5.9","0.54","356","4160.3","11.69","6","76","12.67","","","","356","894.7","2.51","","",""
"Karnataka","Bangalore rural","2022 - 2023","4028","38063","9.45","2819","38362475","13608.54","5","3","0.6","","","","5","29","5.8","1","6","6","","","","","","","161","14465","89.84","10","211","21.1","","","","4028","7613","1.89","","","","","","","","","","","","","","","","","","","","","110","514","4.67","","","","","","","6","3.4","0.57","221","1665.53","7.54","1","20","20","1","2","2","221","358.1","1.62","","",""
"Karnataka","Belgaum","2015 - 2016","4","39","9.75","88","736000","8363.64","197","126","0.64","","","","1013","1535","1.52","2244","4798","2.14","","","","","","","175778","14528052","82.65","1878","34643","18.45","17","4","0.24","","","","","","","","","","","","","","","","","","","","","","","","","","","","","1674","3397","2.03","","","","3","2.3","0.77","","","","440","3294","7.49","","","","","","","","",""
"Karnataka","Belgaum","2016 - 2017","3","30","10","86","672000","7813.95","234","140","0.6","","","","762","1009","1.32","6047","45455","7.52","","","","","","","163511","10718146","65.55","2322","30017","12.93","1","","0","","","","","","","","","","","","","","","","","","","","","","","","","1674","5053","3.02","10561","16093","1.52","6","3.6","0.6","","","","2","51","25.5","","","","","","","","",""
"Karnataka","Belgaum","2017 - 2018","","","","654","5171000","7906.73","","","","","","","453","830","1.83","4663","33005","7.08","","","","","","","208729","20622425","98.8","1888","27665","14.65","","","","","","","","","","","","","","","","","","","","","","","","","","","","","1735","5139","2.96","12169","20451","1.68","","","","","","","5","129","25.8","","","","","","","","",""
"Karnataka","Belgaum","2018 - 2019","12","107","8.92","371","2628000","7083.56","242","216","0.89","","","","295","1082","3.67","8888","57461","6.47","","","","","","","206864","19062518","92.15","4341","63368","14.6","19","5","0.26","","","","","","","","","","","","","","","","","","","","","","","","","20","29","1.45","5175","7572","1.46","8217","10015","1.22","","","","","","","2","30.8","15.4","","","","","","","","",""
"Karnataka","Belgaum","2019 - 2020","9","97","10.78","359","2959000","8242.34","","","","","","","95","700","7.37","6710","48540","7.23","","","","","","","189896","17732573","93.38","3850","79020","20.52","195","116","0.59","","","","","","","","","","","","","","","","","","","","","","","","","5","","0","5100","6311","1.24","6479","8266","1.28","","","","","","","7","73.2","10.46","42","533","12.69","7","1","0.14","","","","","",""
"Karnataka","Belgaum","2020 - 2021","14","158","11.29","344","2739","7.96","3","2","0.67","","","","845","4458","5.28","6670","50725","7.6","","","","","","","201448","20346248","101","3290","67735","20.59","","","","14","32","2.29","","","","","","","","","","","","","","","","","","","","","7","0","0","5579","10639","1.91","5935","6588","1.11","","","","15","7.1","0.47","46","537.9","11.69","5","64","12.8","","","","46","115.7","2.52","","",""
"Karnataka","Belgaum","2021 - 2022","22","241","10.95","240","2076000","8650","","","","","","","472","2586","5.48","5560","38988","7.01","","","","","","","271730","26086055","96","3261","60950","18.69","","","","22","48","2.18","","","","","","","","","","","","","","","","","","","","","","","","3552","6190","1.74","5441","6654","1.22","","","","46","25.2","0.55","16","196.9","12.31","38","494","13","","","","16","42.3","2.64","","",""
"Karnataka","Belgaum","2022 - 2023","38","371","9.76","239","3236538","13542","2","16","8","","","","271","2112","7.79","5115","37850","7.4","","","","","","","278487","26734714","96","4928","50713","10.29","","","","38","74","1.95","","","","","","","","","","","","","","","","","","","","","","","","2988","23904","8","5064","4208","0.83","","","","19","9.9","0.52","5","74","14.8","24","278","11.58","1","0.21","0.21","5","15.9","3.18","","",""
"Karnataka","Bellary","2015 - 2016","","","","523","4374000","8363.29","2093","897","0.43","","","","","","","","","","","","","","","","7835","803871","102.6","","","","","","","","","","","","","","","","","","","","","","","","","","","","","","","","","","","","","","","","","","","","","","11","7","0.64","","","","","","","1","37","37","","","","","","","","",""
"Karnataka","Bellary","2016 - 2017","11","112","10.18","674","5269000","7817.51","232","101","0.44","","","","2","2","1","","","","","","","","","","6994","511611","73.15","","","","","","","","","","","","","","","","","","","","","","","","","","","","","","","","","","","","","","","","","","","","","","34","25","0.74","","","","","","","","","","","","","","",""
"Karnataka","Bellary","2017 - 2018","14","152","10.86","579","4578000","7906.74","23","8","0.35","","","","","","","","","","","","","","","","4405","372443","84.55","","","","","","","","","","","","","","","","","","","","","","","","","","","","","","","","","","","","","","","","","","","","","","12","9","0.75","25","23","0.92","","","","1","26","26","","","","","","","","",""
"Karnataka","Bellary","2018 - 2019","1558","13911","8.93","1220","8641000","7082.79","315","282","0.9","","","","3","20","6.67","","","","","","","","","","10096","575472","57","2","29","14.5","2","","0","","","","","","","","","","","","","","","","","","","","","","","","","1","1","1","7","8","1.14","109","90","0.83","","","","","","","4","61.6","15.4","3","40","13.33","","","","","","","","",""
"Karnataka","Bellary","2019 - 2020","1263","13650","10.81","876","7221000","8243.15","","","","","","","2","10","5","1","6","6","","","","","","","6016","607910","101.05","1","19","19","6","4","0.67","","","","","","","","","","","","","","","","","","","","","","","","1","","0","58","82","1.41","206","179","0.87","","","","","","","12","125.5","10.46","","","","","","","","",""
"Karnataka","Bellary","2020 - 2021","1477","16634","11.26","876","6976","7.96","235","126","0.54","","","","7","37","5.29","6","38","6.33","","","","","","","5940","475200","80","","","","","","","1477","3326","2.25","","","","","","","","","","","","","","","","","","","","","2","0","0","30","38","1.27","566","469","0.83","","","","28","13.2","0.47","32","374.2","11.69","","","","","","","32","80.5","2.52","","",""
"Karnataka","Bellary","2021 - 2022","2036","22774","11.19","753","6509000","8644.09","95","49","0.52","","","","7","39","5.57","3","17","5.67","","","","","","","9758","936783","96","","","","","","","2036","4556","2.24","","","","","","","","","","","","","","","","","","","","","","","","19","26","1.37","774","614","0.79","","","","25","14","0.56","15","184.6","12.31","1","13","13","","","","15","39.7","2.65","","",""
"Karnataka","Bellary","2022 - 2023","134","806","6.01","95","1278415","13457","80","56","0.7","","","","","","","1","6","6","","","","","","","1104","99401","90.04","","","","","","","134","161","1.2","","","","","","","","","","","","","","","","","","","","","1","0","0","","","","4","3","0.75","","","","1","0.4","0.4","","","","","","","","","","","","","","",""
"Karnataka","Bengaluru urban","2015 - 2016","222","2176","9.8","1495","12502000","8362.54","105","45","0.43","","","","","","","","","","","","","","","","6","95","15.83","","","","","","","","","","","","","","","","","","","","","","","","","","","","","","","","","","","","","","","","11","8.4","0.76","14","523","37.36","","","","","","","","",""
"Karnataka","Bengaluru urban","2016 - 2017","264","2682","10.16","1132","8850000","7818.02","","","","","","","","","","1","6","6","","","","","","","","","","","","","","","","","","","","","","","","","","","","","","","","","","","","","","","","","","","","","","2","1.2","0.6","4","101","25.25","","","","","","","","",""
"Karnataka","Bengaluru urban","2017 - 2018","297","3221","10.85","1162","9188000","7907.06","4","1","0.25","","","","","","","3","19","6.33","","","","","","","2","188","94","","","","","","","","","","","","","","","","","","","","","","","","","","","","","","","","","","","","","","1","0.7","0.7","6","155","25.83","","","","","","","","",""
"Karnataka","Bengaluru urban","2018 - 2019","401","3580","8.93","1908","13513000","7082.29","153","137","0.9","","","","3","20","6.67","2","12","6","","","","","","","30","2565","85.5","3","44","14.67","","","","","","","","","","","","","","","","","","","","","","","","","","","4","5","1.25","1","1","1","","","","","","","11","169.3","15.39","4","53","13.25","","","","","","","","",""
"Karnataka","Bengaluru urban","2019 - 2020","651","7036","10.81","2850","23492000","8242.81","","","","","","","1","5","5","3","19","6.33","","","","","","","47","3926","83.53","22","424","19.27","1","1","1","","","","","","","","","","","","","","","","","","","","","","","","4","6","1.5","7","6","0.86","","","","8","3.1","0.39","48","502","10.46","7","89","12.71","1","","0","","","","","",""
"Karnataka","Bengaluru urban","2020 - 2021","834","9393","11.26","2919","23244","7.96","","","","","","","1","5","5","5","32","6.4","","","","","","","30","2880","96","2","40","20","","","","834","1878","2.25","","","","","","","","","","","","","","","","","","","","","7","9","1.29","2","2","1","","","","2","0.9","0.45","83","970.5","11.69","5","64","12.8","","","","83","208.7","2.51","","",""
"Karnataka","Bengaluru urban","2021 - 2022","836","9348","11.18","2736","23662000","8648.39","2","1","0.5","","","","1","6","6","1","6","6","","","","","","","29","2822","97.31","2","35","17.5","","","","836","1870","2.24","","","","","","","","","","","","","","","","","","","","","13","18","1.38","","","","","","","8","4.3","0.54","41","516.8","12.6","4","51","12.75","1","0.19","0.19","41","111.1","2.71","","",""
"Karnataka","Bengaluru urban","2022 - 2023","901","6439","7.15","2742","26590768","9697.58","","","","","","","1","8","8","3","18","6","","","","","","","26","2381","91.58","","","","","","","901","1288","1.43","","","","","","","","","","","","","","","","","","","","","3","59","19.67","3","2","0.67","","","","5","34.35","6.87","22","347.8","15.81","","","","","","","22","74.8","3.4","","",""
"Karnataka","Bidar","2015 - 2016","","","","8","67000","8375","","","","","","","43","58","1.35","35","68","1.94","","","","","","","19418","848567","43.7","","","","18","4","0.22","","","","","","","","","","","","","","","","","","","","","","","45","60","1.33","21","14","0.67","","","","2","1.5","0.75","779","12509","16.06","","","","","","","","",""
"Karnataka","Bidar","2016 - 2017","","","","","","","1","","0","","","","21","17","0.81","42","249","5.93","","","","","","","17712","959105","54.15","","","","6","1","0.17","","","","","","","","","","","","","","","","","","","","","","","","2","2","1","16","9","0.56","","","","","","","1690","30819","18.24","","","","","","","","",""
"Karnataka","Bidar","2017 - 2018","","","","8","63000","7875","","","","","","","15","13","0.87","71","451","6.35","","","","","","","15523","1150254","74.1","","","","313","78","0.25","","","","","","","","","","","","","","","","","","","","","","","","","","","","","","","","","","","","510","13173","25.83","","","","","","","","",""
"Karnataka","Bidar","2018 - 2019","","","","68","482000","7088.24","17","15","0.88","","","","79","524","6.63","323","1869","5.79","","","","","","","13037","730724","56.05","1","15","15","10","2","0.2","","","","","","","","","","","","","","","","","","","","","","","","6","9","1.5","142","171","1.2","2","2","1","","","","","","","1731","26641","15.39","6","80","13.33","","","","","","","","",""
"Karnataka","Bidar","2019 - 2020","","","","41","338000","8243.9","","","","","","","3","15","5","202","1292","6.4","","","","","","","11318","313829","27.73","7","135","19.29","92","55","0.6","","","","","","","","","","","","","","","","","","","","","","","","10","","0","59","84","1.42","","","","","","","","","","1360","18907.5","13.9","28","356","12.71","3","","0","","","","","",""
"Karnataka","Bidar","2020 - 2021","","","","18","143","7.94","17","9","0.53","","","","139","735","5.29","355","2265","6.38","","","","","","","8452","473312","56","2","40","20","","","","","","","","","","","","","","","","","","","","","","","","","","19","0","0","36","46","1.28","3","2","0.67","","","","7","3.3","0.47","2616","36493.2","13.95","54","693","12.83","","","","2616","7848","3","","",""
"Karnataka","Bidar","2021 - 2022","","","","10","85000","8500","34","19","0.56","","","","100","529","5.29","312","1767","5.66","","","","","","","15621","1374664","88","2","35","17.5","","","","","","","","","","","","","","","","","","","","","","","","","","","","","","","47","67","1.43","3","2","0.67","","","","3","1.6","0.53","1769","24758.4","14","20","254","12.7","","","","1769","5324.4","3.01","","",""
"Karnataka","Bidar","2022 - 2023","","","","6","65813","10968.83","54","32","0.59","","","","74","588","7.95","135","825","6.11","","","","","","","13678","1107907","81","","","","","","","","","","","","","","","","","","","","","","","","","","","","","","","105","0","0","32","259","8.09","","","","","","","","","","538","6187.23","11.5","","","","","","","538","1330.5","2.47","","",""
"Karnataka","Bijapur","2015 - 2016","","","","374","3128000","8363.64","151","65","0.43","","","","581","1745","3","53","270","5.09","","","","","","","43846","2207646","50.35","","","","","","","","","","","","","","","","","","","","","","","","","","","","","","","","","","","","","","","","","","","","","","","","","","","","","","","","","","","","","","","","","",""
"Karnataka","Bijapur","2016 - 2017","","","","366","2861000","7816.94","","","","","","","415","1108","2.67","24","142","5.92","","","","","","","35226","2409458","68.4","4","48","12","","","","","","","","","","","","","","","","","","","","","","","","","","","","","","","32","37","1.16","","","","","","","","","","","","","","","","","",""
"Karnataka","Bijapur","2017 - 2018","","","","393","3108000","7908.4","","","","","","","370","947","2.56","11","70","6.36","","","","","","","20777","1835648","88.35","61","792","12.98","","","","","","","","","","","","","","","","","","","","","","","","","","","","","","","","","","","","","","","","","","","","","","","","","","","","","","",""
"Karnataka","Bijapur","2018 - 2019","3","27","9","80","567000","7087.5","123","110","0.89","","","","294","1479","5.03","172","995","5.78","","","","","","","53010","4280558","80.75","11","160","14.55","44","11","0.25","","","","","","","","","","","","","","","","","","","","","","","","","5","7","1.4","","","","2","2","1","","","","","","","6","92.3","15.38","","","","","","","","",""
"Karnataka","Bijapur","2019 - 2020","3","32","10.67","103","849000","8242.72","99","49","0.49","","","","72","369","5.13","157","1004","6.39","","","","","","","35538","2470752","69.52","2","39","19.5","23","14","0.61","","","","","","","","","","","","","","","","","","","","","","","","","3","","0","","","","4","3","0.75","","","","","","","13","136","10.46","2","25","12.5","","","","","",""
"Karnataka","Bijapur","2020 - 2021","7","79","11.29","86","685","7.97","","","","","","","800","4230","5.29","189","1206","6.38","","","","","","","38920","3074680","79","3","60","20","","","","7","16","2.29","","","","","","","","","","","","","","","","","","","","","1","1","1","9","7","0.78","","","","","","","131","1531.8","11.69","17","218","12.82","","","","131","329.5","2.52","","",""
"Karnataka","Bijapur","2021 - 2022","","","","83","720000","8674.7","3","2","0.67","","","","631","3207","5.08","168","950","5.65","","","","","","","78033","7881283","101","4","71","17.75","","","","","","","","","","","","","","","","","","","","","","","","","","","","","","","","","","3","2","0.67","","","","","","","73","910.5","12.47","4","51","12.75","","","","73","195.8","2.68","","",""
"Karnataka","Bijapur","2022 - 2023","1","7","7","49","675083","13777.2","3","2","0.67","","","","346","2411","6.97","98","598","6.1","","","","","","","90344","8402014","93","1","12","12","","","","1","1","1","","","","","","","","","","","","","","","","","","","","","","","","","","","","10","7","0.7","94","36.6","0.39","","","","","","","26","64.01","2.46","","","","","","","26","13.8","0.53","","",""
"Karnataka","Chamarajanagar","2015 - 2016","301","2950","9.8","9130","76350000","8362.54","586","266","0.45","","","","123","166","1.35","7092","37765","5.33","","","","","","","2899","256127","88.35","","","","","","","","","","","","","","","","","","","","","","","","","","","","","","","","","","","","","","32","21","0.66","","","","141","107.9","0.77","85","3173","37.33","42","314","7.48","15","1","0.07","","","","","","","","",""
"Karnataka","Chamarajanagar","2016 - 2017","347","3525","10.16","7357","57517000","7818","24","10","0.42","","","","98","141","1.44","6881","29554","4.3","","","","","","","1875","130031","69.35","","","","","","","","","","","","","","","","","","","","","","","","","","","","","","","","","","","","","","28","16","0.57","11","8","0.73","","","","141","85.4","0.61","95","2402","25.28","","","","27","3","0.11","","","","","","","","",""
"Karnataka","Chamarajanagar","2017 - 2018","351","3807","10.85","7409","58584000","7907.14","175","65","0.37","","","","120","167","1.39","6466","47299","7.32","","","","","","","6788","748038","110.2","","","","","","","","","","","","","","","","","","","","","","","","","","","","","","","","","","","","","","28","21","0.75","12","11","0.92","","","","142","93.2","0.66","174","4494","25.83","36","301","8.36","27","3","0.11","","","","","","","","",""
"Karnataka","Chamarajanagar","2018 - 2019","703","6277","8.93","10554","74748000","7082.43","117","155","1.32","","","","111","609","5.49","9587","56122","5.85","","","","","","","7035","688375","97.85","23","334","14.52","54","13","0.24","","","","","","","","","","","","","","","","","","","","","","","","","","","1","1","1","67","55","0.82","","","","37","23.5","0.64","104","1600.6","15.39","98","1302","13.29","3","0.3","0.1","","","","","",""
"Karnataka","Chamarajanagar","2019 - 2020","793","8571","10.81","12569","103603000","8242.74","","","","","","","177","907","5.12","7440","47832","6.43","","","","","","","6620","561079","84.76","8","154","19.25","512","304","0.59","","","","","","","","","","","","","","","","","","","","","","","","","","","6","9","1.5","213","185","0.87","","","","34","13.3","0.39","96","1004.1","10.46","70","911","13.01","1","","0","","","","","",""
"Karnataka","Chamarajanagar","2020 - 2021","1083","12197","11.26","12571","148388","11.8","57","31","0.54","","","","274","1418","5.18","7688","41761","5.43","","","","","","","6844","718620","105","6","120","20","","","","1083","2439","2.25","","","","","","","","","","","","","","","","","","","","","4","5","1.25","104","86","0.83","","","","28","13.2","0.47","342","3999","11.69","39","492","12.62","2","0.35","0.17","342","860.1","2.51","","",""
"Karnataka","Chamarajanagar","2021 - 2022","992","11091","11.18","9667","112646000","11652.63","6","3","0.5","","","","862","5462","6.34","8019","38830","4.84","","","","","","","10266","965049","94","","","","","","","992","2219","2.24","","","","","","","","","","","","","","","","","","","","","3","4","1.33","142","113","0.8","","","","29","16.1","0.56","292","3666.6","12.56","26","345","13.27","6","1","0.17","292","788.5","2.7","","",""
"Karnataka","Chamarajanagar","2022 - 2023","1332","8324","6.25","11831","130140892","10999.99","23","11","0.48","","","","436","3489","8","9331","56164","6.02","","","","","","","10217","715224","70","","","","","","","1332","1665","1.25","","","","","","","","","","","","","","","","","","","","","3","18","6","28","21","0.75","","","","31","6.9","0.22","240","2401.01","10","7","82","11.71","3","0.18","0.06","240","516.5","2.15","","",""
"Karnataka","Chikballapur","2015 - 2016","182","1784","9.8","2100","17561000","8362.38","131","56","0.43","","","","69","93","1.35","","","","","","","","","","","","","10","159","15.9","","","","","","","","","","","","","","","","","","","","","","","","","","","","","","","","","","","","","","","2407","3107","1.29","","","","","","","","","","17","635","37.35","","","","","","","","",""
"Karnataka","Chikballapur","2016 - 2017","108","1097","10.16","1759","13752000","7818.08","206","135","0.66","","","","45","37","0.82","","","","","","","","","","","","","12","144","12","","","","","","","","","","","","","","","","","","","","","","","","","","","","","","","","","","","","","2299","2661","1.16","","","","","","","","","","10","253","25.3","","","","","","","","",""
"Karnataka","Chikballapur","2017 - 2018","110","1193","10.85","1700","13442000","7907.06","253","91","0.36","","","","51","45","0.88","","","","","","","","","","","","","14","182","13","","","","","","","","","","","","","","","","","","","","","","","","","","","","","","","","","","","","","2399","3206","1.34","","","","","","","","","","37","956","25.84","","","","","","","","",""
"Karnataka","Chikballapur","2018 - 2019","422","3768","8.93","591","4186000","7082.91","168","165","0.98","","","","2","13","6.5","2","12","6","","","","","","","132","11286","85.5","3","44","14.67","","","","","","","","","","","","","","","","","","","","","","","","","","","","","1000","1038","1.04","2","2","1","","","","","","","16","246.2","15.39","2","27","13.5","","","","","","","","",""
"Karnataka","Chikballapur","2019 - 2020","413","4464","10.81","549","4525000","8242.26","","","","","","","2","10","5","1","6","6","","","","","","","43","3602","83.77","1","19","19","7","4","0.57","","","","","","","","","","","","","","","","","","","","","","","","","","","","1284","1525","1.19","6","5","0.83","","","","","","","36","376.5","10.46","","","","","","","","",""
"Karnataka","Chikballapur","2020 - 2021","469","5282","11.26","503","4005","7.96","52","28","0.54","","","","13","69","5.31","8","51","6.38","","","","","","","53","5088","96","2","40","20","","","","469","1056","2.25","","","","","","","","","","","","","","","","","","","","","","","","1561","2363","1.51","5","4","0.8","","","","12","5.7","0.48","222","2595.8","11.69","","","","1","0.17","0.17","222","558.3","2.51","","",""
"Karnataka","Chikballapur","2021 - 2022","618","6915","11.19","439","3797000","8649.2","122","66","0.54","","","","7","39","5.57","6","33","5.5","","","","","","","152","14582","95.93","4","71","17.75","","","","618","1383","2.24","","","","","","","","","","","","","","","","","","","","","","","","1277","2004","1.57","16","12","0.75","","","","12","6.4","0.53","132","1661","12.58","","","","3","1","0.33","132","357.2","2.71","","",""
"Karnataka","Chikballapur","2022 - 2023","746","5705","7.65","453","7146835","15776.68","19","14","0.74","","","","4","31","7.75","6","36","6","","","","","","","83","7497","90.33","7","86","12.29","","","","746","1141","1.53","","","","","","","","","","","","","","","","","","","","","","","","1088","8006","7.36","4","3","0.75","","","","5","1.57","0.31","53","504.86","9.53","2","23","11.5","","","","53","108.6","2.05","","",""
"Karnataka","Chikmagalur","2015 - 2016","29322","152691","5.21","41114","283210000","6888.41","251","71","0.28","","","","","","","5","26","5.2","","","","","","","1113","69785","62.7","131","1261","9.63","","","","","","","","","","","","","","","","","","","","","","","","","","","179","204","1.14","","","","","","","8003","8382.5","1.05","741","27664","37.33","","","","1812","160","0.09","","","","","",""
"Karnataka","Chikmagalur","2016 - 2017","29045","166201","5.72","40934","299315000","7312.14","441","123","0.28","","","","","","","9","53","5.89","","","","","","","1040","72124","69.35","84","713","8.49","","","","","","","","","","","","","","","","","","","","","","","","","","","190","202","1.06","7","5","0.71","","","","8194","7122.4","0.87","613","15499","25.28","","","","1906","162","0.08","","","","","",""
"Karnataka","Chikmagalur","2017 - 2018","29298","198104","6.76","41055","309467000","7537.86","161","54","0.34","","","","","","","11","70","6.36","","","","","","","937","69432","74.1","70","551","7.87","","","","","","","","","","","","","","","","","","","","","","","","","","","206","151","0.73","","","","","","","8199","7597.5","0.93","653","16291","24.95","","","","1955","213","0.11","","","","","",""
"Karnataka","Chikmagalur","2018 - 2019","60660","335699","5.53","55114","480862000","8724.86","52","24","0.46","","","","1","7","7","6","35","5.83","","","","","","","448","34048","76","17","163","9.59","","","","","","","","","","","","","","","","","","","","","","","","","","87","105","1.21","3","2","0.67","","","","34097","25789.6","0.76","442","7243.7","16.39","72","957","13.29","189","38","0.2","","","","","",""
"Karnataka","Chikmagalur","2019 - 2020","63587","650915","10.24","54188","505025000","9319.87","","","","","","","1","5","5","6","38","6.33","","","","","","","315","28299","89.84","89","1717","19.29","1","1","1","","","","","","","","","","","","","","","","","","","","","","","","70","99","1.41","27","23","0.85","","","","40520","12034.4","0.3","635","6746.7","10.62","3","38","12.67","212","36","0.17","","","","","",""
"Karnataka","Chikmagalur","2020 - 2021","71539","424226","5.93","51782","468420","9.05","31","17","0.55","","","","1","5","5","5","32","6.4","","","","","","","254","25400","100","4","80","20","","","","71539","84845","1.19","","","","","","","","","","","","","","","","","","","","","1","0","0","107","136","1.27","","","","9","7","0.78","49260","26501.9","0.54","1557","18206","11.69","1","13","13","521","95","0.18","1557","3915.9","2.52","","",""
"Karnataka","Chikmagalur","2021 - 2022","75912","461923","6.08","53245","484054000","9091.07","31","17","0.55","","","","2","11","5.5","4","22","5.5","","","","","","","222","22468","101.21","3","53","17.67","","","","75912","92385","1.22","","","","","","","","","","","","","","","","","","","","","","","","57","81","1.42","1","1","1","","","","48396","26618","0.55","1421","14087.5","9.91","7","89","12.71","592","147","0.25","1421","3029.6","2.13","","",""
"Karnataka","Chikmagalur","2022 - 2023","83867","666746","7.95","71018","643181000","9056.59","","","","","","","2","14","7","5","30","6","","","","","","","198","17816","89.98","1","13","13","","","","83867","133349","1.59","","","","","","","","","","","","","","","","","","","","","","","","41","301","7.34","6","4","0.67","","","","49815","19428.01","0.39","762","8295.3","10.89","2","14","7","442","75","0.17","762","1784.1","2.34","","",""
"Karnataka","Chitradurga","2015 - 2016","17506","179375","10.25","40576","370932000","9141.66","166","60","0.36","","","","","","","","","","","","","","","","2","162","81","","","","","","","","","","","","","","","","","","","","","","","","","","","","","","","","","","","","","","","","","","","","","","","","","75","57.4","0.77","","","","","","","","",""
"Karnataka","Chitradurga","2016 - 2017","17663","160962","9.11","40806","425471000","10426.68","175","60","0.34","","","","","","","","","","","","","","","","6","416","69.33","","","","","","","","","","","","","","","","","","","","","","","","","","","","","","","","","","","","","","","","","","","","","","","1","0.6","0.6","2","51","25.5","","","","","","","","",""
"Karnataka","Chitradurga","2017 - 2018","24244","260057","10.73","39437","375590000","9523.8","99","45","0.45","","","","2","2","1","","","","","","","","","","2","188","94","","","","","","","","","","","","","","","","","","","","","","","","","","","","","","","","","","","","","","1","1","1","","","","24","15.8","0.66","1","26","26","","","","","","","","",""
"Karnataka","Chitradurga","2018 - 2019","34385","379729","11.04","52903","343102000","6485.49","35","31","0.89","","","","4","27","6.75","1","6","6","","","","","","","15","1282","85.47","23","334","14.52","7","2","0.29","","","","","","","","","","","","","","","","","","","","","","","","","","","10","12","1.2","14","12","0.86","","","","24","15.2","0.63","9","138.5","15.39","","","","2","0.2","0.1","","","","","",""
"Karnataka","Chitradurga","2019 - 2020","35058","364775","10.4","50775","318996000","6282.54","70","35","0.5","","","","1","5","5","6","38","6.33","","","","","","","28","2376","84.86","2","39","19.5","8","5","0.63","","","","","","","","","","","","","","","","","","","","","","","","","","","29","41","1.41","51","44","0.86","","","","24","9.4","0.39","32","334.7","10.46","","","","7","1","0.14","","","","","",""
"Karnataka","Chitradurga","2020 - 2021","34866","377773","10.83","45870","440260","9.6","49","26","0.53","","","","12","63","5.25","1","6","6","","","","","","","41","3936","96","2","40","20","","","","34866","75555","2.17","","","","","","","","","","","","","","","","","","","","","1","0","0","56","71","1.27","","","","78","65","0.83","","","","56","26.4","0.47","32","374.2","11.69","","","","5","1","0.2","32","80.5","2.52","","",""
"Karnataka","Chitradurga","2021 - 2022","42883","464636","10.83","45201","389855000","8624.92","15","8","0.53","","","","7","39","5.57","4","22","5.5","","","","","","","60","5739","95.65","5","89","17.8","","","","42883","92927","2.17","","","","","","","","","","","","","","","","","","","","","","","","46","65","1.41","64","51","0.8","","","","40","22","0.55","34","430.6","12.66","19","241","12.68","7","1","0.14","34","92.6","2.72","","",""
"Karnataka","Chitradurga","2022 - 2023","52615","436706","8.3","59429","445561807","7497.38","54","3","0.06","","","","2","13","6.5","9","54","6","","","","","","","3","265","88.33","2","22","11","","","","52615","87341","1.66","","","","","","","","","","","","","","","","","","","","","","","","44","288","6.55","26","20","0.77","","","","31","27.91","0.9","13","118.1","9.08","","","","10","2","0.2","13","25.4","1.95","","",""
"Karnataka","Dakshin kannad","2015 - 2016","35409","370005","10.45","18467","267178000","14467.86","","","","","","","","","","58","296","5.1","","","","","","","10","808","80.8","319","1191","3.73","","","","","","","","","","","","","","","","","","","","","","","","","","33111","19701","0.59","","","","","","","2736","1029.3","0.38","234","8736","37.33","542","3593","6.63","106","9","0.08","","","","","",""
"Karnataka","Dakshin kannad","2016 - 2017","36725","450109","12.26","20392","266281000","13058.11","","","","","","","","","","53","314","5.92","","","","","","","10","694","69.4","276","1417","5.13","","","","","","","","","","","","","","","","","","","","","","","","","","33243","13921","0.42","","","","","","","3122","831.4","0.27","195","4930","25.28","432","1924","4.45","45","5","0.11","","","","","",""
"Karnataka","Dakshin kannad","2017 - 2018","39396","425512","10.8","21772","318594000","14633.2","","","","","","","","","","10","63","6.3","","","","","","","","","","311","1225","3.94","","","","","","","","","","","","","","","","","","","","","","","","34358","25545","0.74","","","","","","","3558","2043","0.57","94","2428","25.83","432","3169","7.34","45","5","0.11","","","","","",""
"Karnataka","Dakshin kannad","2018 - 2019","84157","700266","8.32","26691","295263000","11062.27","3","3","1","","","","1","7","7","1","6","6","","","","","","","7","598","85.43","29","312","10.76","","","","","","","","","","","","","","","","","","","","","","","","","16886","19843","1.18","1","1","1","","","","5322","1053.8","0.2","1","15.4","15.4","2","24","12","3","0.3","0.1","","","","","",""
"Karnataka","Dakshin kannad","2019 - 2020","93151","1253263","13.45","31986","353426000","11049.4","2","1","0.5","","","","","","","","","","","","","","","","5","453","90.6","1","19","19","","","","","","","","","","","","","","","","","","","","","","","","14095","20652","1.47","1","1","1","","","","7146","3020.8","0.42","","","","","","","1","13","13","4","1","0.25","","","","","",""
"Karnataka","Dakshin kannad","2020 - 2021","95541","1295058","13.55","36862","253795","6.89","","","","","","","","","","4","26","6.5","","","","","","","15","1440","96","1","20","20","","","","95541","259012","2.71","","","","","","","","","","","","","","","","","","","","","15469","17619","1.14","19","16","0.84","","","","13428","5693.5","0.42","4","46.8","11.7","3","39","13","8","1","0.13","4","10.1","2.53","","",""
"Karnataka","Dakshin kannad","2021 - 2022","101689","1372798","13.5","35841","254038000","7087.92","","","","","","","","","","1","6","6","","","","","","","4","376","94","","","","","","","101689","274560","2.7","","","","","","","","","","","","","","","","","","","","","","","","11919","15125","1.27","1","1","1","","","","15037","8270.4","0.55","1","12.3","12.3","2","25","12.5","7","1","0.14","1","2.6","2.6","","",""
"Karnataka","Dakshin kannad","2022 - 2023","107476","725460","6.75","34893","418865537","12004.29","1","1","1","","","","","","","1","6","6","","","","","","","1","88","88","","","","","","","107476","145092","1.35","","","","","","","","","","","","","","","","","","","","","","","","11564","61058","5.28","","","","","","","18388","3677.55","0.2","","","","","","","3","36","12","2","0.14","0.07","","","","","",""
"Karnataka","Davangere","2015 - 2016","35045","308955","8.82","10011","119159000","11902.81","56","24","0.43","","","","7","9","1.29","1","5","5","","","","","","","4444","569943","128.25","","","","","","","","","","","","","","","","","","","","","","","","","","","","","","","","","","","","","19","12","0.63","","","","","","","487","372.7","0.77","179","6683","37.34","","","","","","","","",""
"Karnataka","Davangere","2016 - 2017","35796","406297","11.35","10106","80040000","7920.05","","","","","","","8","7","0.88","","","","","","","","","","3843","412546","107.35","","","","","","","","","","","","","","","","","","","","","","","","","","","","","","","","","","","","","34","19","0.56","283","206","0.73","","","","115","69.7","0.61","7","177","25.29","","","","","","","","",""
"Karnataka","Davangere","2017 - 2018","44723","649526","14.52","10035","79477000","7919.98","43","16","0.37","","","","4","4","1","","","","","","","","","","3795","410998","108.3","","","","","","","","","","","","","","","","","","","","","","","","","","","","","","","","","","","","","44","32","0.73","95","89","0.94","","","","205","134.6","0.66","174","4494","25.83","","","","","","","","",""
"Karnataka","Davangere","2018 - 2019","62501","582253","9.32","7979","53517000","6707.23","63","56","0.89","","","","1","7","7","2","12","6","","","","","","","890","99769","112.1","1","15","15","","","","","","","","","","","","","","","","","","","","","","","","","","","13","19","1.46","34","41","1.21","","","","75","62","0.83","420","266.5","0.63","54","831.1","15.39","","","","8","1","0.13","","","","","",""
"Karnataka","Davangere","2019 - 2020","64850","539293","8.32","7925","51978000","6558.74","","","","","","","5","26","5.2","2","13","6.5","","","","","","","1028","107800","104.86","","","","13","8","0.62","","","","","","","","","","","","","","","","","","","","","","","","","32","45","1.41","133","116","0.87","","","","429","168.2","0.39","81","847.2","10.46","","","","5","1","0.2","","","","","",""
"Karnataka","Davangere","2020 - 2021","68522","741751","10.83","10896","86765","7.96","12","6","0.5","","","","32","169","5.28","13","83","6.38","","","","","","","981","110853","113","","","","","","","68522","148350","2.16","","","","","","","","","","","","","","","","","","","","","49","62","1.27","91","75","0.82","","","","341","160.6","0.47","252","2946.6","11.69","","","","5","1","0.2","252","633.8","2.52","","",""
"Karnataka","Davangere","2021 - 2022","75260","891456","11.85","7735","66893000","8648.09","6","3","0.5","","","","15","84","5.6","4","22","5.5","","","","","","","1310","141508","108.02","","","","","","","75260","178291","2.37","","","","","","","","","","","","","","","","","","","","","51","72","1.41","113","89","0.79","","","","273","149.8","0.55","278","3494.3","12.57","1","13","13","15","3","0.2","278","751.5","2.7","","",""
"Karnataka","Davangere","2022 - 2023","83088","697942","8.4","7750","118689730","15314.8","","","","","","","12","72","6","","","","","","","","","","1348","146984","109.04","","","","","","","83088","139588","1.68","","","","","","","","","","","","","","","","","","","","","40","153","3.83","54","40","0.74","","","","282","115.72","0.41","186","2374.1","12.76","","","","11","0.32","0.03","186","510.6","2.75","","",""
"Karnataka","Dharwad","2015 - 2016","18","176","9.78","298","2492000","8362.42","46","16","0.35","","","","425","425","1","","","","","","","","","","8450","569952","67.45","","","","","","","","","","","","","","","","","","","","","","","","","","","","","","","","","","","","","47","30","0.64","","","","","","","1","37","37","","","","","","","","",""
"Karnataka","Dharwad","2016 - 2017","29","295","10.17","280","2189000","7817.86","144","62","0.43","","","","1050","806","0.77","","","","","","","","","","7327","508127","69.35","","","","1","","0","","","","","","","","","","","","","","","","","","","","","","","","","","","","","27","15","0.56","","","","","","","","","","","","","","",""
"Karnataka","Dharwad","2017 - 2018","32","347","10.84","275","2174000","7905.45","17","6","0.35","","","","1024","901","0.88","1","6","6","","","","","","","8350","658398","78.85","5","65","13","1","","0","","","","","","","","","","","","","","","","","","","","","","","","","","","","","36","26","0.72","","","","1","0.7","0.7","","","","","","","","",""
"Karnataka","Dharwad","2018 - 2019","101","902","8.93","417","2953000","7081.53","19","17","0.89","","","","580","2978","5.13","1","6","6","","","","","","","8046","550346","68.4","","","","","","","","","","","","","","","","","","","","","","","","","","","","","","","","","","","","","66","80","1.21","","","","","","","","","","6","92.3","15.38","","","","","","","","",""
"Karnataka","Dharwad","2019 - 2020","110","1189","10.81","395","3256000","8243.04","415","205","0.49","","","","254","1458","5.74","1","6","6","","","","","","","7922","479120","60.48","4","77","19.25","12","7","0.58","","","","","","","","","","","","","","","","","","","","","","","","","","","","72","102","1.42","3","3","1","","","","8","3.1","0.39","6","62.8","10.47","32","406","12.69","","","","","",""
"Karnataka","Dharwad","2020 - 2021","167","1881","11.26","346","2755","7.96","59","31","0.53","","","","125","617","4.94","15","96","6.4","","","","","","","5744","442288","77","2","40","20","","","","167","376","2.25","","","","","","","","","","","","","","","","","","","","","1","0","0","89","113","1.27","","","","","","","33","15.5","0.47","63","736.7","11.69","21","270","12.86","","","","63","158.4","2.51","","",""
"Karnataka","Dharwad","2021 - 2022","156","1743","11.17","284","2458000","8654.93","12","7","0.58","","","","427","2268","5.31","17","94","5.53","","","","","","","8258","759723","92","","","","","","","156","349","2.24","","","","","","","","","","","","","","","","","","","","","","","","96","136","1.42","","","","","","","12","6.4","0.53","41","516.8","12.6","10","127","12.7","","","","41","111.1","2.71","","",""
"Karnataka","Dharwad","2022 - 2023","185","1500","8.11","239","2226915","9317.64","","","","","","","56","338","6.04","5","30","6","","","","","","","11061","862778","78","3","37","12.33","","","","185","300","1.62","","","","","","","","","","","","","","","","","","","","","","","","85","471","5.54","","","","","","","9","2.56","0.28","4","35.01","8.75","36","324","9","","","","4","7.5","1.88","","",""
"Karnataka","Gadag","2015 - 2016","2","20","10","91","761000","8362.64","202","87","0.43","","","","31","20","0.65","","","","","","","","","","4722","381302","80.75","","","","","","","","","","","","","","","","","","","","","","","","","","","","","","","","","","","","","","","","","","","","20","15.3","0.77","2","75","37.5","","","","","","","","",""
"Karnataka","Gadag","2016 - 2017","2","20","10","92","719000","7815.22","149","65","0.44","","","","31","26","0.84","","","","","","","","","","2855","160023","56.05","","","","1","","0","","","","","","","","","","","","","","","","","","","","","","","","","2","1","0.5","2","1","0.5","","","","8","4.8","0.6","2","51","25.5","","","","","","","","",""
"Karnataka","Gadag","2017 - 2018","3","33","11","157","1241000","7904.46","65","24","0.37","","","","13","11","0.85","","","","","","","","","","813","55609","68.4","","","","","","","","","","","","","","","","","","","","","","","","","","","","","","","","","","","","","","","","","83","61","0.73","2","2","1","","","","","","","4","33","8.25","","","","","","","","",""
"Karnataka","Gadag","2018 - 2019","9","80","8.89","276","1955000","7083.33","35","31","0.89","","","","","","","11","64","5.82","","","","","","","1905","110395","57.95","","","","7","2","0.29","","","","","","","","","","","","","","","","","","","","","","","","","2","3","1.5","76","92","1.21","","","","5","4","0.8","","","","3","46.2","15.4","7","93","13.29","","","","","","","","",""
"Karnataka","Gadag","2019 - 2020","17","184","10.82","253","2085000","8241.11","13","6","0.46","","","","166","851","5.13","1","6","6","","","","","","","1677","79366","47.33","2","39","19.5","14","8","0.57","","","","","","","","","","","","","","","","","","","","","","","","","","","122","173","1.42","1","1","1","","","","23","9","0.39","19","198.7","10.46","54","686","12.7","","","","","",""
"Karnataka","Gadag","2020 - 2021","20","225","11.25","248","1975","7.96","305","165","0.54","","","","56","330","5.89","1","6","6","","","","","","","1086","54300","50","2","40","20","","","","20","45","2.25","","","","","","","","","","","","","","","","","","","","","1","0","0","133","169","1.27","","","","7","6","0.86","","","","2","0.9","0.45","11","128.6","11.69","1","13","13","","","","11","27.7","2.52","","",""
"Karnataka","Gadag","2021 - 2022","38","427","11.24","259","2237000","8637.07","217","119","0.55","","","","46","272","5.91","2","11","5.5","","","","","","","2100","88218","42.01","3","53","17.67","","","","38","85","2.24","","","","","","","","","","","","","","","","","","","","","","","","153","217","1.42","4","3","0.75","","","","","","","","","","16","196.9","12.31","4","51","12.75","","","","16","42.3","2.64","","",""
"Karnataka","Gadag","2022 - 2023","145","907","6.26","345","3536806","10251.61","261","157","0.6","","","","30","243","8.1","2","12","6","","","","","","","2452","125050","51","4","47","11.75","","","","145","181","1.25","","","","","","","","","","","","","","","","","","","","","","","","110","659","5.99","2","1","0.5","","","","","","","","","","9","61.74","6.86","37","447","12.08","","","","9","13.3","1.48","","",""
"Karnataka","Gulbarga","2015 - 2016","","","","","","","","","","","","","47","63","1.34","80","214","2.68","","","","","","","28601","1195522","41.8","","","","","","","","","","","","","","","","","","","","","","","","","","","","","","","","","","","","","721","964","1.34","","","","","","","","","","","","","","","","","",""
"Karnataka","Gulbarga","2016 - 2017","","","","262","2048000","7816.79","","","","","","","64","53","0.83","501","1583","3.16","","","","","","","28429","1080302","38","","","","","","","","","","","","","","","","","","","","","","","","","","","","","","","","","","","","71","68","0.96","","","","","","","","","","","","","","",""
"Karnataka","Gulbarga","2017 - 2018","","","","262","2072000","7908.4","","","","","","","","","","2049","11331","5.53","","","","","","","1003","68605","68.4","","","","","","","","","","","","","","","","","","","","","","","","","","","","","","","","","","","","","9","","0","","","","","","","","","","246","6354","25.83","","","","","","","","",""
"Karnataka","Gulbarga","2018 - 2019","1","9","9","23","163000","7086.96","27","24","0.89","","","","19","126","6.63","468","279","0.6","","","","","","","25629","1972152","76.95","10","145","14.5","1","","0","","","","","","","","","","","","","","","","","","","","","","","","21","30","1.43","1","1","1","","","","8","7","0.88","","","","31","477.1","15.39","9","120","13.33","","","","","","","","",""
"Karnataka","Gulbarga","2019 - 2020","","","","32","264000","8250","","","","","","","2","10","5","491","1525","3.11","","","","","","","16388","1319066","80.49","5","96","19.2","3","2","0.67","","","","","","","","","","","","","","","","","","","","","","","","12","","0","","","","","","","","","","","","","26","271.9","10.46","78","990","12.69","","","","","",""
"Karnataka","Gulbarga","2020 - 2021","","","","27","215","7.96","16","9","0.56","","","","36","190","5.28","579","1415","2.44","","","","","","","19117","1338190","70","2","40","20","","","","","","","","","","","","","","","","","","","","","","","","","","14","0","0","","","","82","68","0.83","","","","51","24","0.47","398","4653.8","11.69","70","840","12","1","0.17","0.17","398","1001","2.52","","",""
"Karnataka","Gulbarga","2021 - 2022","","","","20","170000","8500","","","","","","","30","161","5.37","349","1427","4.09","","","","","","","45129","4332426","96","","","","","","","","","","","","","","","","","","","","","","","","","","","","","","","","","","","","","","","25","14","0.56","","","","","","","158","1980.9","12.54","11","136","12.36","","","","158","426","2.7","","",""
"Karnataka","Gulbarga","2022 - 2023","","","","22","215000","9772.73","3","2","0.67","","","","19","130","6.84","233","86","0.37","","","","","","","57164","4801808","84","2","25","12.5","","","","","","","","","","","","","","","","","","","","","","","","","","","20","0","0","","","","","","","","","","42","16.4","0.39","63","752.6","11.95","84","1064","12.67","","","","63","161.9","2.57","","",""
"Karnataka","Hassan","2015 - 2016","3650","35777","9.8","60472","310951000","5142.07","88","38","0.43","","","","8","11","1.38","179","991","5.54","","","","","","","689","98182","142.5","87","1383","15.9","","","","","","","","","","","","","","","","","","","","","","","","","10","6","0.6","","","","","","","5301","7069","1.33","15122","580118","38.36","36","270","7.5","7112","718","0.1","","","","","",""
"Karnataka","Hassan","2016 - 2017","3436","34904","10.16","52325","205860000","3934.26","98","42","0.43","","","","10","8","0.8","120","711","5.93","","","","","","","835","58700","70.3","91","1091","11.99","","","","","","","","","","","","","","","","","","","","","","","","","8","5","0.63","","","","","","","11215","9259","0.83","7800","6270.3","0.8","8943","227537","25.44","24","146","6.08","6119","842","0.14","","","","","",""
"Karnataka","Hassan","2017 - 2018","3553","38534","10.85","59339","269760000","4546.08","116","43","0.37","","","","9","8","0.89","119","755","6.34","","","","","","","2175","276878","127.3","101","1311","12.98","","","","","","","","","","","","","","","","","","","","","","","","","37","27","0.73","","","","","","","12440","10908","0.88","9614","7585.7","0.79","7564","218810","28.93","25","209","8.36","4820","596","0.12","","","","","",""
"Karnataka","Hassan","2018 - 2019","7624","68073","8.93","106749","333319000","3122.46","104","50","0.48","","","","","","","9","52","5.78","","","","","","","2849","300427","105.45","153","2063","13.48","2","","0","","","","","","","","","","","","","","","","","","","","","","","21","25","1.19","","","","","","","11116","7318","0.66","33788","35390.2","1.05","4087","68784.2","16.83","22","292","13.29","605","68","0.11","","","","","",""
"Karnataka","Hassan","2019 - 2020","8579","92720","10.81","105407","607856000","5766.75","","","","","","","5","26","5.2","8","51","6.38","","","","","","","2915","199698","68.51","378","4882","12.92","205","122","0.6","","","","","","","","","","","","","","","","","","","","","2","","0","22","31","1.41","","","","10190","6602","0.65","30665","14875.6","0.49","4546","41769.5","9.19","81","1029","12.7","668","55","0.08","","","","","",""
"Karnataka","Hassan","2020 - 2021","12102","136293","11.26","97999","475981","4.86","36","19","0.53","","","","3","16","5.33","15","96","6.4","","","","","","","2125","212500","100","157","2093","13.33","","","","12102","27254","2.25","","","","","","","","","","","","","","","","","","","","","31","39","1.26","","","","","","","7562","4847","0.64","34926","28604.4","0.82","10219","135807.4","13.29","101","1267","12.54","1148","93","0.08","10219","29205.9","2.86","","",""
"Karnataka","Hassan","2021 - 2022","14207","163381","11.5","96002","667212000","6949.98","1","1","1","","","","16","90","5.63","20","111","5.55","","","","","","","3422","314801","91.99","347","5778","16.65","","","","14207","32676","2.3","","","","","","","","","","","","","","","","","","","","","43","61","1.42","","","","","","","8988","4817","0.54","31643","26263.9","0.83","11889","161267.9","13.56","36","497","13.81","1953","162","0.08","11889","34681.3","2.92","","",""
"Karnataka","Hassan","2022 - 2023","15875","102394","6.45","116416","907627000","7796.41","2","1","0.5","","","","8","63","7.88","26","161","6.19","","","","","","","3611","368353","102.01","607","7097","11.69","","","","15875","20479","1.29","","","","","","","","","","","","","","","","","","","","","1","0","0","23","136","5.91","","","","6524","3529","0.54","25508","9693.2","0.38","8138","82925.4","10.19","44","536","12.18","832","125","0.15","8138","17830.2","2.19","","",""
"Karnataka","Haveri","2015 - 2016","2414","23662","9.8","1281","10712000","8362.22","30","13","0.43","","","","2201","2000","0.91","","","","","","","","","","9820","960887","97.85","5","80","16","","","","","","","","","","","","","","","","","","","","","","","","","","","","","","64","41","0.64","","","","","","","10","7.7","0.77","1182","44127","37.33","","","","","","","","",""
"Karnataka","Haveri","2016 - 2017","2848","28931","10.16","1140","8913000","7818.42","","","","","","","3913","2111","0.54","8","47","5.88","","","","","","","7632","703289","92.15","","","","","","","","","","","","","","","","","","","","","","","","","","","","","","","","63","36","0.57","1","1","1","","","","7","4.2","0.61","1018","25740","25.28","","","","","","","","",""
"Karnataka","Haveri","2017 - 2018","4053","43957","10.85","1439","11378000","7906.88","58","21","0.36","","","","3472","1928","0.56","20","127","6.35","","","","","","","13347","1153848","86.45","8","104","13","","","","","","","","","","","","","","","","","","","","","","","","","","","","100","73","0.73","","","","","","","15","9.8","0.65","974","20057","20.59","","","","","","","","",""
"Karnataka","Haveri","2018 - 2019","6409","57225","8.93","1455","10305000","7082.47","26","23","0.88","","","","2579","19427","7.53","15","87","5.8","","","","","","","7323","500893","68.4","4","58","14.5","13","3","0.23","","","","","","","","","","","","","","","","","","","","","","","","113","136","1.2","4","3","0.75","","","","36","22.8","0.63","1102","20135.1","18.27","","","","2","0.2","0.1","","","","","",""
"Karnataka","Haveri","2019 - 2020","7158","77362","10.81","1428","11771000","8243","","","","","","","897","4227","4.71","8","51","6.38","","","","","","","6309","300840","47.68","6","116","19.33","14","8","0.57","","","","","","","","","","","","","","","","","","","","","","","","154","218","1.42","6","5","0.83","","","","66","25.9","0.39","1521","20025.5","13.17","1","13","13","1","","0","","","","","",""
"Karnataka","Haveri","2020 - 2021","8372","94285","11.26","1237","9850","7.96","","","","","","","1540","8194","5.32","19","121","6.37","","","","","","","8226","797922","97","","","","","","","8372","18854","2.25","","","","","","","","","","","","","","","","","","","","","161","204","1.27","4","3","0.75","","","","66","31.1","0.47","4421","61056.2","13.81","4","51","12.75","2","0.35","0.17","4421","13130.4","2.97","","",""
"Karnataka","Haveri","2021 - 2022","12355","138164","11.18","1079","9331000","8647.82","","","","","","","1587","9356","5.9","57","322","5.65","","","","","","","10978","955062","87","4","71","17.75","","","","12355","27638","2.24","","","","","","","","","","","","","","","","","","","","","252","426","1.69","3","2","0.67","","","","39","21.5","0.55","5174","78583.1","15.19","1","13","13","1","0.19","0.19","5174","16899.6","3.27","","",""
"Karnataka","Haveri","2022 - 2023","16587","144311","8.7","1020","16539000","16214.71","1","1","1","","","","540","4320","8","22","132","6","","","","","","","12373","668115","54","","","","","","","16587","28862","1.74","","","","","","","","","","","","","","","","","","","","","203","1461","7.2","2","1","0.5","","","","32","11.01","0.34","2769","30464.3","11","","","","2","0.2","0.1","2769","6552.6","2.37","","",""
"Karnataka","Kodagu","2015 - 2016","4584","44932","9.8","1605","13422000","8362.62","","","","","","","","","","","","","","","","","","","","","","27","429","15.89","","","","","","","","","","","","","","","","","","","","","","","","1989","3334","1.68","","","","","","","","","","15096","6635.6","0.44","1522","50537","33.2","127","1415","11.14","7647","568","0.07","","","","","",""
"Karnataka","Kodagu","2016 - 2017","4588","46607","10.16","1583","12376000","7818.07","","","","","","","","","","","","","","","","","","","","","","27","324","12","","","","","","","","","","","","","","","","","","","","","","","","2062","2311","1.12","28","20","0.71","","","","15219","6222.6","0.41","1645","54540","33.16","127","1466","11.54","7647","643","0.08","","","","","",""
"Karnataka","Kodagu","2017 - 2018","4513","48946","10.85","1583","12517000","7907.14","","","","","","","","","","","","","","","","","","","","","","32","415","12.97","","","","","","","","","","","","","","","","","","","","","","","","2132","2681","1.26","28","26","0.93","","","","15875","6915.2","0.44","1645","48515","29.49","127","1508","11.87","7065","881","0.12","","","","","",""
"Karnataka","Kodagu","2018 - 2019","7714","68877","8.93","1082","7663000","7082.26","1","1","1","","","","","","","1","6","6","","","","","","","","","","135","1960","14.52","","","","","","","","","","","","","","","","","","","","","","","","305","410","1.34","","","","","","","","","","65605","27148.7","0.41","140","973.8","6.96","60","800","13.33","618","37","0.06","","","","","",""
"Karnataka","Kodagu","2019 - 2020","12437","134417","10.81","2060","16980000","8242.72","","","","","","","","","","3","19","6.33","","","","","","","","","","337","4177","12.39","","","","","","","","","","","","","","","","","","","","","","","","251","436","1.74","5","4","0.8","","","","","","","70757","28440.1","0.4","1354","14162","10.46","50","613","12.26","680","145","0.21","","","","","",""
"Karnataka","Kodagu","2020 - 2021","22840","257224","11.26","3402","27090","7.96","","","","","","","2","11","5.5","9","57","6.33","","","","","","","1","96","96","149","1940","13.02","","","","22840","51436","2.25","","","","","","","","","","","","","","","","","","","","","283","359","1.27","","","","","","","","","","97979","30373.5","0.31","1348","14072.1","10.44","80","983","12.29","966","254","0.26","1348","3026.3","2.25","","",""
"Karnataka","Kodagu","2021 - 2022","25708","219678","8.55","2458","21255000","8647.27","","","","","","","","","","3","17","5.67","","","","","","","1","107","107","295","3861","13.09","","","","25708","43936","1.71","","","","","","","","","","","","","","","","","","","","","264","446","1.69","2","2","1","","","","","","","98445","44694","0.45","1159","12722.6","10.98","74","1005","13.58","1762","478","0.27","1159","2736","2.36","","",""
"Karnataka","Kodagu","2022 - 2023","28861","236660","8.2","3044","18855010","6194.16","","","","","","","","","","5","30","6","","","","","","","1","88","88","324","3893","12.02","","","","28861","47332","1.64","","","","","","","","","","","","","","","","","","","","","321","2957","9.21","","","","","","","","","","103300","42352.93","0.41","300","3424.63","11.42","81","1220","15.06","1372","370","0.27","300","736.5","2.46","","",""
"Karnataka","Kolar","2015 - 2016","","","","2341","19577000","8362.67","5","2","0.4","","","","","","","","","","","","","","","","","","","","","","","","","","","","","","","","","","","","","","","","","","","","","","","","","","","","","","","","314","183","0.58","","","","","","","","",""
"Karnataka","Kolar","2016 - 2017","","","","2109","16488000","7817.92","5","2","0.4","","","","","","","","","","","","","","","","81","5617","69.35","","","","","","","","","","","","","","","","","","","","","","","","","","","","","","","","","","","","","197","91","0.46","","","","","","","","",""
"Karnataka","Kolar","2017 - 2018","","","","1976","15624000","7906.88","5","2","0.4","","","","","","","","","","","","","","","","","","","","","","","","","","","","","","","","","","","","","","","","","","","","","","","","","","","","","","","97","71","0.73","","","","","","","","",""
"Karnataka","Kolar","2018 - 2019","5","45","9","1229","8704000","7082.18","761","680","0.89","","","","2","13","6.5","1","6","6","","","","","","","48","4104","85.5","36","523","14.53","38","9","0.24","","","","","","","","","","","","","","","","","","","","","","","","69","83","1.2","","","","","","","","","","13","200.1","15.39","3","40","13.33","1","0.1","0.1","","","","","",""
"Karnataka","Kolar","2019 - 2020","8","86","10.75","1194","9842000","8242.88","","","","","","","","","","1","6","6","","","","","","","36","3064","85.11","39","752","19.28","1","1","1","","","","","","","","","","","","","","","","","","","","","","","","112","159","1.42","12","10","0.83","","","","","","","10","104.6","10.46","3","38","12.67","1","","0","","","","","",""
"Karnataka","Kolar","2020 - 2021","4","45","11.25","1195","9516","7.96","","","","","","","1","5","5","2","13","6.5","","","","","","","40","3840","96","28","546","19.5","","","","4","9","2.25","","","","","","","","","","","","","","","","","","","","","128","162","1.27","2","2","1","","","","3","1.4","0.47","85","993.9","11.69","1","13","13","1","0.17","0.17","85","213.8","2.52","","",""
"Karnataka","Kolar","2021 - 2022","12","132","11","1009","8729000","8651.14","","","","","","","4","22","5.5","3","17","5.67","","","","","","","11","1035","94.09","85","1542","18.14","","","","12","26","2.17","","","","","","","","","","","","","","","","","","","","","91","188","2.07","","","","","","","","","","73","910.5","12.47","","","","","","","73","195.8","2.68","","",""
"Karnataka","Kolar","2022 - 2023","15","74","4.93","1003","11113998","11080.76","","","","","","","5","38","7.6","1","6","6","","","","","","","42","3793","90.31","33","398","12.06","","","","15","15","1","","","","","","","","","","","","","","","","","","","","","83","653","7.87","","","","","","","1","0.38","0.38","34","488.09","14.36","2","23","11.5","","","","34","105","3.09","","",""
"Karnataka","Koppal","2015 - 2016","","","","813","6799000","8362.85","118","46","0.39","","","","","","","","","","","","","","","","1789","144462","80.75","","","","","","","","","","","","","","","","","","","","","","","","","","","","","","","","","","","","","","","","","","","","","","","","24","896","37.33","","","","","","","","",""
"Karnataka","Koppal","2016 - 2017","","","","1023","7998000","7818.18","","","","","","","","","","","","","","","","","","","310","21498","69.35","","","","","","","","","","","","","","","","","","","","","","","","","","","","","","","","","","","","","","","","","","","","","","","","","","","","","","","","","","","","",""
"Karnataka","Koppal","2017 - 2018","","","","1111","8785000","7907.29","","","","","","","","","","","","","","","","","","","1291","121419","94.05","","","","","","","","","","","","","","","","","","","","","","","","","","","","","","","","","","","","","","","","","","","","","","","","","","","","","","","","","","","","",""
"Karnataka","Koppal","2018 - 2019","","","","142","1006000","7084.51","84","75","0.89","","","","1","7","7","","","","","","","","","","2378","203319","85.5","","","","56","14","0.25","","","","","","","","","","","","","","","","","","","","","","","","9","13","1.44","19","23","1.21","","","","14","12","0.86","","","","1","15.4","15.4","","","","","","","","",""
"Karnataka","Koppal","2019 - 2020","","","","223","1838000","8242.15","","","","","","","","","","","","","","","","","","","1959","164710","84.08","1","19","19","17","10","0.59","","","","","","","","","","","","","","","","","","","","","","","","3","","0","20","28","1.4","","","","4","3","0.75","","","","4","41.8","10.45","12","152","12.67","","","","","",""
"Karnataka","Koppal","2020 - 2021","8","90","11.25","130","1035","7.96","2","1","0.5","","","","11","58","5.27","12","77","6.42","","","","","","","944","90624","96","2","40","20","","","","8","18","2.25","","","","","","","","","","","","","","","","","","","","","10","0","0","19","24","1.26","","","","13","11","0.85","","","","44","20.7","0.47","29","339.1","11.69","5","64","12.8","2","0.35","0.17","29","72.9","2.51","","",""
"Karnataka","Koppal","2021 - 2022","4","44","11","141","1220000","8652.48","","","","","","","3","17","5.67","13","72","5.54","","","","","","","2052","196966","95.99","2","35","17.5","","","","4","9","2.25","","","","","","","","","","","","","","","","","","","","","","","","9","8","0.89","10","8","0.8","","","","35","19.3","0.55","23","283","12.3","12","152","12.67","","","","23","60.9","2.65","","",""
"Karnataka","Koppal","2022 - 2023","11","56","5.09","155","1826000","11780.65","","","","","","","","","","3","18","6","","","","","","","2255","202948","90","","","","","","","11","11","1","","","","","","","","","","","","","","","","","","","","","7","0","0","20","176","8.8","","","","8","6","0.75","","","","25","196.01","7.84","12","118.4","9.87","19","217","11.42","","","","12","25.5","2.13","","",""
"Karnataka","Mandya","2015 - 2016","873","8557","9.8","24629","244729000","9936.62","1","","0","","","","","","","21","78","3.71","","","","","","","27784","3061797","110.2","450","7079","15.73","","","","","","","","","","","","","","","","","","","","","","","","8","5","0.63","","","","","","","27","20.7","0.77","32","1195","37.34","1","7","7","","","","","",""
"Karnataka","Mandya","2016 - 2017","565","5739","10.16","22645","253262000","11184.01","15","7","0.47","","","","","","","25","148","5.92","","","","","","","17628","2193805","124.45","","","","","","","","","","","","","","","","","","","","","","","","","","","","","","","","","","","","2","1","0.5","","","","","","","83","2099","25.29","","","","","","","","",""
"Karnataka","Mandya","2017 - 2018","370","4013","10.85","25072","216020000","8615.99","2","1","0.5","","","","","","","39","248","6.36","","","","","","","20941","2347486","112.1","17","221","13","","","","","","","","","","","","","","","","","","","","","","","","","","","","","","","","","","","","","","","","","","18","465","25.83","","","","","","","","",""
"Karnataka","Mandya","2018 - 2019","1842","16447","8.93","61192","429270000","7015.13","52","46","0.88","","","","2","13","6.5","75","434","5.79","","","","","","","34637","3718282","107.35","13","189","14.54","2","","0","","","","","","","","","","","","","","","","","","","","","2","3","1.5","7","8","1.14","","","","9","7","0.78","","","","89","1369.8","15.39","1","13","13","57","7","0.12","","","","","",""
"Karnataka","Mandya","2019 - 2020","1878","20297","10.81","62802","688577000","10964.25","","","","","","","1","5","5","34","217","6.38","","","","","","","37208","3984515","107.09","6","116","19.33","3","2","0.67","","","","","","","","","","","","","","","","","","","","","15","","0","6","9","1.5","","","","13","11","0.85","","","","11","4.3","0.39","226","2363.8","10.46","","","","27","4","0.15","","","","","",""
"Karnataka","Mandya","2020 - 2021","2765","31139","11.26","67106","600934","8.95","23","12","0.52","","","","7","37","5.29","44","281","6.39","","","","","","","38999","4328889","111","12","239","19.95","","","","2765","6227","2.25","","","","","","","","","","","","","","","","","","","","","8","0","0","7","9","1.29","","","","10","8","0.8","","","","19","8.9","0.47","883","10324.9","11.69","1","13","13","16","3","0.19","883","2220.7","2.51","","",""
"Karnataka","Mandya","2021 - 2022","2981","33338","11.18","60917","550627000","9038.97","12","6","0.5","","","","7","39","5.57","69","389","5.64","","","","","","","40397","4766810","118","5","89","17.8","","","","2981","6669","2.24","","","","","","","","","","","","","","","","","","","","","10","14","1.4","9","7","0.78","","","","4","2.1","0.53","","","","934","10683.3","11.44","","","","9","2","0.22","934","2297.5","2.46","","",""
"Karnataka","Mandya","2022 - 2023","4359","25064","5.75","62002","460875699","7433.24","2","1","0.5","","","","1","3","3","103","628","6.1","","","","","","","43502","4872246","112","2","29","14.5","","","","4359","5013","1.15","","","","","","","","","","","","","","","","","","","","","6","17","2.83","","","","","","","","","","5","0.9","0.18","1001","10005.8","10","","","","3","1","0.33","1001","2152.2","2.15","","",""
"Karnataka","Mysore","2015 - 2016","556","1950","3.51","13158","35145000","2671","25","2","0.08","","","","","","","535","2588","4.84","2337","44669","19.11","","","","8744","988509","113.05","","","","","","","","","","","","","","","","","","","","","","","","","","","","","","","","","","46606","78651","1.69","","","","","","","69104","35779","0.52","25","64","2.56","135","1763","13.06","","","","","","","","",""
"Karnataka","Mysore","2016 - 2017","1026","728","0.71","18462","49312000","2671","42","4","0.1","","","","","","","665","3272","4.92","2027","44570","21.99","5","28","5.6","11178","1592865","142.5","","","","","","","","","","","","","","","","","","","","","","","","","","","","","","","","55070","50468","0.92","","","","","","","71231","25444","0.36","26","66","2.54","1080","14103","13.06","15","126","8.4","","","","186","1190","6.4","","",""
"Karnataka","Mysore","2017 - 2018","911","3195","3.51","22122","112636000","5091.58","26","9","0.35","","","","","","","677","3905","5.77","2863","67366","23.53","","","","10002","1178236","117.8","15","125","8.33","","","","","","","","","","","","","","","","","","","","","","","","","52439","35750","0.68","","","","","","","82890","27482","0.33","59","184","3.12","999","20502","20.52","","","","","","","","",""
"Karnataka","Mysore","2018 - 2019","3130","27947","8.93","23277","246158000","10575.16","74","66","0.89","","","","8","53","6.63","2345","8794","3.75","","","","","","","9345","861142","92.15","8","116","14.5","39","10","0.26","","","","","","","","","","","","","","","","","","","","","","","10","12","1.2","","","","","","","44109","34780","0.79","39","24.7","0.63","3372","44689.6","13.25","220","2923","13.29","7","1","0.14","","","","","",""
"Karnataka","Mysore","2019 - 2020","3205","34639","10.81","23332","232950000","9984.14","","","","","","","9","46","5.11","2005","6338","3.16","","","","","","","10680","1207682","113.08","118","2277","19.3","795","472","0.59","","","","","","","","","","","","","","","","","","","","","5","7","1.4","","","","","","","78005","67435","0.86","98","38.4","0.39","7385","79282.1","10.74","322","4089","12.7","5","1","0.2","","","","","",""
"Karnataka","Mysore","2020 - 2021","3647","41073","11.26","22593","262734","11.63","","","","","","","11","58","5.27","1103","4098","3.72","","","","","","","10721","1458056","136","44","878","19.95","","","","3647","8213","2.25","","","","","","","","","","","","","","","","","","","","","3","4","1.33","","","","","","","56331","46473","0.82","249","117.3","0.47","14199","138521.2","9.76","888","11540","13","4","1","0.25","14199","29789.5","2.1","","",""
"Karnataka","Mysore","2021 - 2022","3935","44002","11.18","20033","208605000","10413.07","","","","","","","12","67","5.58","1548","5320","3.44","","","","","","","14719","1663192","113","89","1804","20.27","","","","3935","8802","2.24","","","","","","","","","","","","","","","","","","","","","","","","","","","","64668","51217","0.79","73","39.7","0.54","13977","158320.4","11.33","185","2315","12.51","4","1","0.25","13977","34047.4","2.44","","",""
"Karnataka","Mysore","2022 - 2023","5800","37698","6.5","29492","223633000","7582.84","","","","","","","3","18","6","1924","5919","3.08","","","","","","","13968","1690121","121","142","1705","12.01","","","","5800","7540","1.3","","","","","","","","","","","","","","","","","","","","","1","6","6","","","","","","","63826","48380","0.76","129","38.8","0.3","7400","81399.8","11","194","2014","10.38","5","1","0.2","7400","17508.4","2.37","","",""
"Karnataka","Raichur","2015 - 2016","","","","3166","26476000","8362.6","","","","","","","","","","","","","","","","","","","","","","","","","","","","","","","","","","","","","","","","","","","","","","","","","","","","","","","","","","","","","","","","","","","","","","","","","","","","","","",""
"Karnataka","Raichur","2017 - 2018","","","","80","633000","7912.5","","","","","","","","","","","","","","","","","","","","","","","","","","","","","","","","","","","","","","","","","","","","","","","","","","","","","","","","","","","","","","","","","","","","","","","","","","","","","",""
"Karnataka","Raichur","2018 - 2019","","","","29","205000","7068.97","28","25","0.89","","","","2","13","6.5","14","81","5.79","","","","","","","558","47709","85.5","8","116","14.5","1","","0","","","","","","","","","","","","","","","","","","","","","","","","1","1","1","","","","","","","41","34","0.83","","","","2","30.8","15.4","","","","","","","","",""
"Karnataka","Raichur","2019 - 2020","","","","15","124000","8266.67","","","","","","","4","20","5","23","147","6.39","","","","","","","297","24947","84","","","","13","8","0.62","","","","","","","","","","","","","","","","","","","","","","","","3","","0","","","","","","","83","72","0.87","","","","6","62.8","10.47","","","","","","","","",""
"Karnataka","Raichur","2020 - 2021","","","","54","430","7.96","","","","","","","12","63","5.25","46","293","6.37","","","","","","","331","31776","96","1","20","20","","","","","","","","","","","","","","","","","","","","","","","","","2","0","0","2","3","1.5","","","","151","125","0.83","","","","125","58.9","0.47","3","35.1","11.7","2","26","13","","","","3","7.5","2.5","","",""
"Karnataka","Raichur","2021 - 2022","","","","41","356000","8682.93","","","","","","","1","6","6","121","684","5.65","","","","","","","1372","131707","96","","","","","","","","","","","","","","","","","","","","","","","","","","","","","","","","","","","1","1","1","","","","157","124","0.79","","","","80","44","0.55","6","73.8","12.3","3","38","12.67","","","","6","15.9","2.65","","",""
"Karnataka","Raichur","2022 - 2023","","","","95","1344000","14147.37","","","","","","","3","22","7.33","48","293","6.1","","","","","","","1679","151087","89.99","1","14","14","","","","","","","","","","","","","","","","","","","","","","","","","","","1","6","6","","","","256","190","0.74","","","","27","8.5","0.31","","","","","","","","","","","",""
"Karnataka","Ramanagara","2015 - 2016","1736","17016","9.8","18242","142779000","7826.94","1","","0","","","","1","1","1","1","5","5","","","","","","","492","45338","92.15","18","286","15.89","","","","","","","","","","","","","","","","","","","","","","","","","","","","","","","","","","","","","","","","","","","10","7.7","0.77","20","747","37.35","2","15","7.5","","","","","",""
"Karnataka","Ramanagara","2016 - 2017","1878","19077","10.16","20052","128360000","6401.36","","","","","","","4","3","0.75","8","47","5.88","","","","","","","98","10241","104.5","24","288","12","","","","","","","","","","","","","","","","","","","","","","","","","","","","","","","","","","","","","","","","","","","","6","3.6","0.6","7","177","25.29","2","12","6","","","","","",""
"Karnataka","Ramanagara","2017 - 2018","1878","20368","10.85","21901","138873000","6340.94","2","1","0.5","","","","5","4","0.8","2","13","6.5","","","","","","","221","17216","77.9","30","389","12.97","","","","","","","","","","","","","","","","","","","","","","","","","","","","","","","","","","","","","","","","","","","","","6","3.9","0.65","33","852","25.82","6","50","8.33","","","","","",""
"Karnataka","Ramanagara","2018 - 2019","1811","16170","8.93","30244","155786000","5150.97","2","2","1","","","","2","13","6.5","11","64","5.82","","","","","","","278","23769","85.5","18","261","14.5","14","3","0.21","","","","","","","","","","","","","","","","","","","","","","","","16","19","1.19","1","1","1","","","","","","","","","","11","169.3","15.39","74","983","13.28","10","1","0.1","","","","","",""
"Karnataka","Ramanagara","2019 - 2020","2907","31418","10.81","29578","212677000","7190.38","","","","","","","","","","8","51","6.38","","","","","","","230","15313","66.58","92","1775","19.29","2","1","0.5","","","","","","","","","","","","","","","","","","","","","","","","23","33","1.43","4","3","0.75","","","","","","","","","","42","439.3","10.46","3","38","12.67","3","","0","","","","","",""
"Karnataka","Ramanagara","2020 - 2021","3050","34349","11.26","30017","230621","7.68","","","","","","","1","5","5","10","64","6.4","","","","","","","215","8600","40","26","519","19.96","","","","3050","6869","2.25","","","","","","","","","","","","","","","","","","","","","14","18","1.29","1","1","1","","","","11","5.2","0.47","132","1543.5","11.69","3","39","13","3","1","0.33","132","332","2.52","","",""
"Karnataka","Ramanagara","2021 - 2022","3278","36659","11.18","27088","211288000","7800.06","","","","","","","2","11","5.5","9","50","5.56","","","","","","","286","18571","64.93","25","274","10.96","","","","3278","7333","2.24","","","","","","","","","","","","","","","","","","","","","13","18","1.38","","","","","","","7","3.8","0.54","85","1070.4","12.59","4","51","12.75","5","1","0.2","85","230.2","2.71","","",""
"Karnataka","Ramanagara","2022 - 2023","3760","18989","5.05","27400","347059272","12666.4","","","","","","","2","16","8","8","48","6","","","","","","","286","12591","44.02","33","326","9.88","","","","3760","3798","1.01","","","","","","","","","","","","","","","","","","","","","7","49","7","1","1","1","","","","7","1.85","0.26","22","187.57","8.53","2","11","5.5","7","3","0.43","22","40.3","1.83","","",""
"Karnataka","Shimoga","2015 - 2016","52550","505418","9.62","5774","48285000","8362.49","9","4","0.44","","","","","","","39","199","5.1","","","","","","","3981","359285","90.25","","","","","","","","","","","","","","","","","","","","","","","","","","","","","","","","1215","351","0.29","","","","","","","1478","1836.3","1.24","6061","227595","37.55","","","","376","25","0.07","","","","","",""
"Karnataka","Shimoga","2016 - 2017","55256","629637","11.39","5550","43390000","7818.02","2","1","0.5","","","","2","2","1","6","36","6","","","","","","","2447","211543","86.45","","","","","","","","","","","","","","","","","","","","","","","","","","","","","","","","1113","171","0.15","1","1","1","","","","1378","803.5","0.58","5573","102456","18.38","","","","343","37","0.11","","","","","",""
"Karnataka","Shimoga","2017 - 2018","58855","645592","10.97","5157","40777000","7907.12","2","1","0.5","","","","2","2","1","16","102","6.38","","","","","","","1268","112028","88.35","","","","","","","","","","","","","","","","","","","","","","","","","","","","","","","","1164","406","0.35","4","4","1","","","","1722","1039.9","0.6","5525","111145","20.12","","","","310","31","0.1","","","","","",""
"Karnataka","Shimoga","2018 - 2019","92241","846523","9.18","6036","42750000","7082.5","26","23","0.88","","","","2","13","6.5","21","121","5.76","","","","","","","1002","95190","95","5","73","14.6","","","","","","","","","","","","","","","","","","","","","","","","","","1378","1746","1.27","3","2","0.67","","","","4155","2184.2","0.53","4131","62470","15.12","2","27","13.5","108","12","0.11","","","","","",""
"Karnataka","Shimoga","2019 - 2020","93584","921386","9.85","7079","58350000","8242.69","","","","","","","1","5","5","8","51","6.38","","","","","","","764","81263","106.37","","","","9","5","0.56","","","","","","","","","","","","","","","","","","","","","","","1347","1638","1.22","1","1","1","","","","4903","1504.7","0.31","4212","38896.6","9.23","4","51","12.75","81","10","0.12","","","","","",""
"Karnataka","Shimoga","2020 - 2021","100486","1184730","11.79","11966","95285","7.96","3","2","0.67","","","","6","32","5.33","10","64","6.4","","","","","","","713","85560","120","","","","","","","100486","236946","2.36","","","","","","","","","","","","","","","","","","","","","1413","1356","0.96","1","1","1","","","","7177","3473.7","0.48","6981","79238.9","11.35","1","13","13","176","23","0.13","6981","17040.6","2.44","","",""
"Karnataka","Shimoga","2021 - 2022","111758","1188549","10.64","7935","68622000","8648.02","4","2","0.5","","","","3","17","5.67","13","72","5.54","","","","","","","804","109290","135.93","2","35","17.5","","","","111758","237710","2.13","","","","","","","","","","","","","","","","","","","","","","","","1350","2147","1.59","1","1","1","","","","5674","2837.1","0.5","6456","77365.4","11.98","2","25","12.5","188","35","0.19","6456","16637.7","2.58","","",""
"Karnataka","Shimoga","2022 - 2023","118836","760549","6.4","7718","114898000","14887.02","","","","","","","1","6","6","10","60","6","","","","","","","729","92598","127.02","2","24","12","","","","118836","152110","1.28","","","","","","","","","","","","","","","","","","","","","","","","1244","4626","3.72","","","","","","","5190","1660.8","0.32","2838","28352.4","9.99","","","","113","33","0.29","2838","6096.2","2.15","","",""
"Karnataka","Tumkur","2015 - 2016","34719","351452","10.12","152341","1264153000","8298.18","9","4","0.44","","","","5","7","1.4","3","15","5","","","","","","","214","22363","104.5","40","636","15.9","","","","","","","","","","","","","","","","","","","","","","","","","","","","","45","29","0.64","","","","","","","36","27.5","0.76","14","523","37.36","25","187","7.48","","","","","",""
"Karnataka","Tumkur","2016 - 2017","35680","262981","7.37","157317","1203433000","7649.73","","","","","","","","","","","","","","","","","","","735","66334","90.25","23","276","12","1","","0","","","","","","","","","","","","","","","","","","","","","","","","","","","","","104","59","0.57","2","1","0.5","","","","71","43","0.61","21","531","25.29","36","218","6.06","","","","","",""
"Karnataka","Tumkur","2017 - 2018","37211","309631","8.32","153684","1139278000","7413.12","","","","","","","3","3","1","2","13","6.5","","","","","","","917","86244","94.05","22","285","12.95","3","1","0.33","","","","","","","","","","","","","","","","","","","","","","","","","","","86","63","0.73","","","","","","","","","","17","439","25.82","22","184","8.36","","","","","",""
"Karnataka","Tumkur","2018 - 2019","55148","501469","9.09","183232","1305171000","7123.05","26","23","0.88","","","","4","27","6.75","3","17","5.67","","","","","","","616","52668","85.5","43","624","14.51","10","2","0.2","","","","","","","","","","","","","","","","","","","","","","","","111","134","1.21","25","21","0.84","","","","","","","38","584.8","15.39","41","545","13.29","27","3","0.11","","","","","",""
"Karnataka","Tumkur","2019 - 2020","55710","602104","10.81","176243","1452725000","8242.74","","","","","","","2","10","5","6","38","6.33","","","","","","","404","47759","118.22","79","1524","19.29","5","3","0.6","","","","","","","","","","","","","","","","","","","","","","","","93","132","1.42","15","13","0.87","","","","44","17.2","0.39","68","711.2","10.46","8","102","12.75","31","5","0.16","","","","","",""
"Karnataka","Tumkur","2020 - 2021","64457","767683","11.91","178748","1312368","7.34","","","","","","","4","21","5.25","5","32","6.4","","","","","","","416","38272","92","10","200","20","","","","64457","153537","2.38","","","","","","","","","","","","","","","","","","","","","115","146","1.27","15","12","0.8","","","","75","35.3","0.47","173","2022.9","11.69","15","193","12.87","66","11","0.17","173","435.1","2.52","","",""
"Karnataka","Tumkur","2021 - 2022","69083","802401","11.62","170889","1498701000","8770.03","","","","","","","10","56","5.6","4","22","5.5","","","","","","","449","46644","103.88","13","230","17.69","","","","69083","160480","2.32","","","","","","","","","","","","","","","","","","","","","","","","124","176","1.42","18","14","0.78","","","","98","53.7","0.55","141","1771.8","12.57","24","304","12.67","27","5","0.19","141","381","2.7","","",""
"Karnataka","Tumkur","2022 - 2023","85972","541626","6.3","220017","1583751764","7198.32","1","1","1","","","","5","29","5.8","7","42","6","","","","","","","371","29714","80.09","12","141","11.75","","","","85972","108325","1.26","","","","","","","","","","","","","","","","","","","","","","","","139","818","5.88","3","2","0.67","","","","57","14.21","0.25","83","813.84","9.81","25","254","10.16","42","14","0.33","83","175","2.11","","",""
"Karnataka","Udupi","2015 - 2016","7905","151863","19.21","17922","181260000","10113.83","","","","","","","","","","51","260","5.1","","","","","","","11","888","80.73","178","2830","15.9","","","","","","","","","","","","","","","","","","","","","","","","19630","6316","0.32","","","","","","","389","297.7","0.77","49","1829","37.33","32","240","7.5","","","","","",""
"Karnataka","Udupi","2016 - 2017","7980","81570","10.22","17953","201000000","11195.9","","","","","","","","","","50","296","5.92","","","","","","","14","971","69.36","171","2050","11.99","","","","","","","","","","","","","","","","","","","","","","","","19565","6895","0.35","","","","","","","420","254.5","0.61","47","1188","25.28","31","188","6.06","","","","","",""
"Karnataka","Udupi","2017 - 2018","8106","114476","14.12","17960","196260000","10927.62","","","","","","","","","","50","317","6.34","","","","","","","11","1035","94.09","161","2089","12.98","","","","","","","","","","","","","","","","","","","","","","","","19541","5804","0.3","","","","","","","477","313.1","0.66","47","1214","25.83","32","268","8.38","","","","","",""
"Karnataka","Udupi","2018 - 2019","21628","161551","7.47","22567","393989000","17458.63","3","3","1","","","","","","","12","69","5.75","","","","","","","24","2052","85.5","86","1248","14.51","","","","","","","","","","","","","","","","","","","","","","","","17385","19345","1.11","4","3","0.75","","","","747","474","0.63","2","30.8","15.4","2","27","13.5","2","0.2","0.1","","","","","",""
"Karnataka","Udupi","2019 - 2020","21818","183922","8.43","24434","246735000","10098.02","","","","","","","","","","9","58","6.44","","","","","","","20","1662","83.1","4","77","19.25","","","","","","","","","","","","","","","","","","","","","","","","18600","27253","1.47","","","","","","","1251","490.4","0.39","1","10.5","10.5","6","76","12.67","11","2","0.18","","","","","",""
"Karnataka","Udupi","2020 - 2021","23702","284661","12.01","26707","347618","13.02","","","","","","","","","","19","121","6.37","","","","","","","13","1248","96","17","339","19.94","","","","23702","56932","2.4","","","","","","","","","","","","","","","","","","","","","18880","21750","1.15","2","2","1","","","","1764","830.8","0.47","5","58.5","11.7","5","64","12.8","84","15","0.18","5","12.6","2.52","","",""
"Karnataka","Udupi","2021 - 2022","23207","362151","15.61","22226","302657000","13617.25","6","3","0.5","","","","","","","7","39","5.57","","","","","","","13","1217","93.62","53","957","18.06","","","","23207","72430","3.12","","","","","","","","","","","","","","","","","","","","","16668","23468","1.41","","","","","","","879","414","0.47","1","12.3","12.3","","","","81","20","0.25","1","2.6","2.6","","",""
"Karnataka","Udupi","2022 - 2023","23052","195938","8.5","20186","242319684","12004.34","2","1","0.5","","","","","","","8","48","6","","","","","","","11","970","88.18","58","867","14.95","","","","23052","39188","1.7","","","","","","","","","","","","","","","","","","","","","15876","107322","6.76","1","1","1","","","","726","290.47","0.4","","","","","","","","","","1","0.21","0.21","","","","","",""
"Karnataka","Uttar kannad","2015 - 2016","18431","243411","13.21","7787","65119000","8362.53","","","","","","","","","","12","61","5.08","","","","","","","6542","478547","73.15","17","270","15.88","78","19","0.24","","","","","","","","","","","","","","","","","","","","","","","","3383","4809","1.42","","","","","","","1121","857.9","0.77","298","11125","37.33","","","","592","47","0.08","","","","","",""
"Karnataka","Uttar kannad","2016 - 2017","18527","246513","13.31","7796","60949000","7817.98","","","","","","","","","","6","36","6","","","","","","","5941","372501","62.7","16","192","12","47","12","0.26","","","","","","","","","","","","","","","","","","","","","","","","3410","4709","1.38","","","","","","","1183","1112.6","0.94","319","8066","25.29","","","","595","65","0.11","","","","","",""
"Karnataka","Uttar kannad","2017 - 2018","18925","225204","11.9","7786","61565000","7907.14","","","","","","","","","","15","95","6.33","","","","","","","","","","16","208","13","31","8","0.26","","","","","","","","","","","","","","","","","","","","","","","","3369","4713","1.4","","","","","","","1503","1395.7","0.93","328","8472","25.83","","","","407","37","0.09","","","","","",""
"Karnataka","Uttar kannad","2018 - 2019","30989","436410","14.08","11302","80046000","7082.46","4","4","1","","","","","","","17","98","5.76","","","","","","","6836","467582","68.4","24","348","14.5","26","6","0.23","","","","","","","","","","","","","","","","","","","","","","","","4300","5977","1.39","","","","","","","4109","1749.2","0.43","333","5125","15.39","","","","156","39","0.25","","","","","",""
"Karnataka","Uttar kannad","2019 - 2020","30549","437472","14.32","10089","83161000","8242.74","","","","","","","","","","15","96","6.4","","","","","","","7788","451087","57.92","1","19","19","6","4","0.67","","","","","","","","","","","","","","","","","","","","","","","","3854","5342","1.39","1","1","1","","","","4787","2369.6","0.5","456","4769.5","10.46","","","","186","39","0.21","","","","","",""
"Karnataka","Uttar kannad","2020 - 2021","30670","439961","14.34","10492","83548","7.96","","","","","","","1","5","5","23","147","6.39","","","","","","","7796","530128","68","12","239","19.92","","","","30670","87992","2.87","","","","","","","","","","","","","","","","","","","","","4312","6093","1.41","","","","","","","5691","3545.5","0.62","594","6945.6","11.69","2","26","13","384","89","0.23","594","1493.9","2.51","","",""
"Karnataka","Uttar kannad","2021 - 2022","32698","474117","14.5","9310","80513000","8648.01","","","","","","","","","","19","106","5.58","","","","","","","11676","1074190","92","2","35","17.5","","","","32698","94823","2.9","","","","","","","","","","","","","","","","","","","","","","","","3508","5087","1.45","","","","","","","4547","2955.7","0.65","457","5340.8","11.69","","","","309","88","0.28","457","1148.6","2.51","","",""
"Karnataka","Uttar kannad","2022 - 2023","34515","446964","12.95","8646","99537000","11512.49","","","","","","","2","10","5","20","120","6","","","","","","","14176","1049002","74","1","15","15","","","","34515","89393","2.59","","","","","","","","","","","","","","","","","","","","","","","","3145","27171","8.64","","","","","","","4044","3154.7","0.78","184","5868.01","31.89","","","","246","49","0.2","184","1261.9","6.86","","",""
"Karnataka","Vijayanagar","2022 - 2023","2611","21277","8.15","715","9627000","13464.34","","","","","","","","","","2","12","6","","","","","","","10403","728189","70","","","","","","","2611","4255","1.63","","","","","","","","","","","","","","","","","","","","","5","47","9.4","396","295","0.74","","","","24","17.2","0.72","9","76.9","8.54","","","","","","","9","16.5","1.83","","",""
"Karnataka","Yadgir","2015 - 2016","","","","168","1405000","8363.1","","","","","","","","","","","","","","","","","","","794","64116","80.75","","","","","","","","","","","","","","","","","","","","","","","","","","","","","","","","","","","","","","","","","","","","","","","","","","","","","","","",""
"Karnataka","Yadgir","2016 - 2017","","","","125","977000","7816","","","","","","","1","1","1","","","","","","","","","","945","65536","69.35","","","","","","","","","","","","","","","","","","","","","","","","","","","","","","","","","","","","","","","","","","","","","","","","","","","","","",""
"Karnataka","Yadgir","2017 - 2018","","","","123","973000","7910.57","","","","","","","21","18","0.86","1","6","6","","","","","","","1216","114365","94.05","","","","","","","","","","","","","","","","","","","","","","","","","","","","","","","","","","","","","","","","","","","","","","","","","","","",""
"Karnataka","Yadgir","2018 - 2019","","","","26","184000","7076.92","10","9","0.9","","","","","","","37","214","5.78","","","","","","","911","77890","85.5","4","58","14.5","1","","0","","","","","","","","","","","","","","","","","","","","","","","","5","6","1.2","3","2","0.67","","","","","","","","","","2","27","13.5","","","","","","","","",""
"Karnataka","Yadgir","2019 - 2020","","","","32","264000","8250","9","4","0.44","","","","1","5","5","8","51","6.38","","","","","","","525","44158","84.11","5","96","19.2","","","","","","","","","","","","","","","","","","","","","","","","","","","","2","3","1.5","","","","","","","","","","3","31.4","10.47","19","241","12.68","","","","","",""
"Karnataka","Yadgir","2020 - 2021","","","","26","207","7.96","","","","","","","8","42","5.25","18","115","6.39","","","","","","","592","56832","96","","","","","","","","","","","","","","","","","","","","","","","","","","","","","5","6","1.2","","","","","","","93","43.8","0.47","26","304","11.69","14","180","12.86","","","","26","65.4","2.52","","",""
"Karnataka","Yadgir","2021 - 2022","1","11","11","16","136000","8500","1","1","1","","","","7","39","5.57","59","333","5.64","","","","","","","862","82765","96.02","","","","","","","1","2","2","","","","","","","","","","","","","","","","","","","","","2","3","1.5","","","","","","","10","5.4","0.54","13","160","12.31","3","38","12.67","","","","13","34.4","2.65","","",""
"Karnataka","Yadgir","2022 - 2023","","","","35","283000","8085.71","","","","","","","3","18","6","28","173","6.18","","","","","","","2073","186543","89.99","","","","","","","","","","","","","","","","","","","","","","","","","","","2","0","0","","","","","","","","","","","","","13","188.3","14.48","","","","","","","13","40.5","3.12","","",""
```